MESH dimension 3 ElemType Tetrahedra Nnode 4
Coordinates
    1    -0.016315774     0.123930608               0
    2               0           0.125               0
    3   -0.0323523807     0.120740728               0
    4  -0.00708177772     0.108046952               0
    5   -0.0189588739     0.123553879    0.0185421707
    6               0           0.125    0.0166731472
    7   -0.0396129767      0.11855721    0.0193979845
    8   -0.0070662126     0.104014536    0.0234389969
    9   -0.0478354291     0.115484942               0
   10     0.016315774     0.123930608               0
   11   -0.0377446387    0.0990938935               0
   12               0           0.125    0.0344995649
   13    0.0189720737     0.123551853    0.0185544755
   14    0.0210212675     0.105681048               0
   15   -0.0160773582    0.0808262637               0
   16   -0.0552466452     0.112128534    0.0165554531
   17   -0.0259691455      0.12227266    0.0430864801
   18   -0.0431335669    0.0960134797    0.0246036617
   19   0.00538985391    0.0822332796               0
   20         -0.0625     0.108253175               0
   21    0.0323523807     0.120740728               0
   22   -0.0542986416    0.0935427567    0.0111736066
   23    0.0231385598    0.0978604156    0.0197400542
   24   -0.0364488947    0.0739110385               0
   25               0           0.125    0.0535274984
   26  -7.7361421e-05    0.0735088249    0.0193984934
   27   -0.0568059303     0.111346694    0.0382038033
   28   -0.0619166234    0.0863941744               0
   29    0.0397703191     0.118504522     0.019127316
   30   -0.0702036811      0.10342361    0.0178352859
   31    0.0260489305     0.122255688    0.0431603086
   32  -0.00530108284     0.105091874    0.0582513638
   33   -0.0330026398     0.065679242    0.0160686572
   34     0.026489738    0.0780362517               0
   35   -0.0459256236    0.0970318078    0.0494824346
   36     -0.01945249     0.123477126    0.0636647885
   37   -0.0192084051     0.087045916    0.0521516022
   38   -0.0760951786    0.0991691675               0
   39    0.0478354291     0.115484942               0
   40    0.0154152254    0.0966583593    0.0497538212
   41      0.01434133    0.0760855376    0.0340647905
   42    0.0478904825    0.0971122917               0
   43  -0.00360951494    0.0550700585               0
   44    -0.051042108    0.0728487318    0.0364344727
   45    0.0376738413    0.0781244126    0.0163833776
   46   -0.0543365074    0.0619589119               0
   47      0.01945249     0.123477126    0.0636647885
   48   -0.0663137022    0.0786734099    0.0305090333
   49    0.0555915086     0.111957957    0.0143859312
   50   -0.0824116278    0.0939857627    0.0161334361
   51               0           0.125    0.0738020786
   52     0.052601339    0.0934784394    0.0172313471
   53   -0.0775288161    0.0764920638    0.0132255913
   54   -0.0220949611     0.100996945    0.0752422508
   55    0.0264397147    0.0580607928   0.00992752005
   56   0.00233134901    0.0488248687    0.0207767785
   57   -0.0883883476    0.0883883476               0
   58          0.0625     0.108253175               0
   59   -0.0355710752    0.0731694895    0.0597109232
   60     0.011795143     0.104209098    0.0739193704
   61   -0.0419949628     0.117734545    0.0771251002
   62    0.0355536469     0.105771815    0.0604585571
   63    0.0382641551    0.0810374803    0.0446905897
   64    0.0457843902    0.0685211823               0
   65   -0.0810118385    0.0710454756               0
   66   -0.0292225738    0.0524110601    0.0421031684
   67    0.0572853253     0.111100817    0.0386631809
   68   -0.0207135459      0.12327185    0.0845832184
   69   -0.0856142689    0.0910779719    0.0361190228
   70  -0.00955973323    0.0629690217    0.0589302607
   71   -0.0653173308      0.10657695    0.0673385557
   72   -0.0547164186    0.0501310723    0.0193984934
   73 -0.000231136959    0.0818127551    0.0726436364
   74    0.0138521416    0.0646798153    0.0558193986
   75   -0.0923893087    0.0841974799    0.0137050204
   76   -0.0187883483    0.0387692028    0.0196261075
   77  -0.00521031742     0.104117352    0.0845832184
   78   -0.0453060065    0.0927685999    0.0770992777
   79   -0.0630254729    0.0782247002    0.0611072678
   80    0.0694243457     0.103948354     0.016272643
   81   -0.0414926956    0.0363881174               0
   82    0.0207135459      0.12327185    0.0845832184
   83  -0.00131401881    0.0326981092               0
   84   -0.0685211823    0.0457843902               0
   85    0.0411916665    0.0562666506    0.0313351828
   86      0.02733868    0.0821357447    0.0728183272
   87    0.0259373614    0.0459931672    0.0354732588
   88   -0.0991691675    0.0760951786               0
   89    0.0760951786    0.0991691675               0
   90               0           0.125    0.0953643582
   91    0.0420568228     0.117712462    0.0771825224
   92    0.0710454756    0.0810118385               0
   93    0.0363881174    0.0414926956               0
   94   -0.0538334805    0.0524634732    0.0553526746
   95    -0.078030392    0.0613981015    0.0445855588
   96    0.0586012742    0.0664536204    0.0304181775
   97    0.0493382405    0.0924898024    0.0674113437
   98   -0.0210620795    0.0700600758    0.0833978284
   99    0.0739829193    0.0837433284    0.0141178339
  100    0.0644992753    0.0885728067    0.0479726957
  101    0.0351567542    0.0519701252    0.0488388943
  102    0.0124385866     0.102826607    0.0954780567
  103    0.0215606775    0.0301442562     0.012870039
  104   -0.0251301108     0.100311921     0.099999726
  105   -0.0247593784     0.021136198               0
  106   -0.0302961716    0.0475681927    0.0696103113
  107    -0.103948354    0.0694243457     0.016272643
  108    0.0619589119    0.0543365074               0
  109   -0.0234912322    0.0268640307    0.0389600759
  110  -0.00021678121     0.080477544    0.0942512829
  111    0.0834317705    0.0930813605    0.0139196801
  112      -0.0125104    0.0331620251    0.0535673206
  113   -0.0937853597    0.0565087382    0.0241100768
  114    0.0666598579    0.0593574923    0.0146970786
  115   -0.0220118341     0.123046654     0.106807315
  116    -0.050577911    0.0630563768     0.081012771
  117    0.0065940955    0.0258258311     0.036077829
  118    0.0653173308      0.10657695    0.0673385557
  119    0.0468998856    0.0376592238    0.0162500099
  120    0.0772202279    0.0777327138    0.0292112874
  121  -0.00571873718    0.0495897517    0.0781836813
  122  -0.00744960577    0.0161539795    0.0139310769
  123    0.0137367524    0.0602544804    0.0834114138
  124  -0.00130843761     0.105825167     0.106807315
  125    -0.058326706    0.0252194318    0.0242085806
  126    0.0583625717    0.0675147838    0.0586003707
  127    -0.108253175          0.0625               0
  128    0.0883883476    0.0883883476               0
  129   -0.0971122917    0.0478904825               0
  130   -0.0399970754    0.0284589945     0.051666513
  131    0.0273849948    0.0802371405    0.0939992251
  132   -0.0689337066     0.104274369    0.0976785239
  133   -0.0885954305    0.0881807785    0.0789634048
  134    0.0220118341     0.123046654     0.106807315
  135    0.0584601539    0.0453391004    0.0354893592
  136   -0.0780362517     0.026489738               0
  137   -0.0760535011     0.055993544    0.0719375524
  138    0.0222760977    0.0148844127               0
  139   -0.0729878845    0.0772367286    0.0898422443
  140    0.0226136764    0.0305021655    0.0585000013
  141    -0.108070923    0.0628146134    0.0398116754
  142    -0.111394441    0.0567122436    0.0146156301
  143    0.0883883795    0.0883883158     0.039334666
  144    0.0931247041    0.0833833886    0.0139910916
  145               0           0.125     0.118250272
  146    0.0863941743    0.0619166192               0
  147   -0.0420254582    0.0851895351      0.11072584
  148    0.0702381337    0.0794677935    0.0716056968
  149    -0.074203047    0.0333266763    0.0556883119
  150    0.0337300739    0.0191506343    0.0355039728
  151   -0.0477550927     0.115518185     0.117009484
  152  -0.00106544057   0.00313868446               0
  153   -0.0315474195   0.00546034594    0.0254128667
  154     0.054232726    0.0710901878    0.0850666072
  155   -0.0983330018    0.0587091156    0.0662679529
  156   -0.0572844555    0.0361175625    0.0777613974
  157    0.0316441924    0.0592557714    0.0952588297
  158   -0.0280397104    0.0469356267    0.0974627283
  159    -0.115484942    0.0478354291               0
  160    0.0991691675    0.0760951786               0
  161   -0.0567122833    0.0163114981    0.0506519136
  162    0.0739110362    0.0364488894               0
  163    0.0138156222    0.0878252503     0.117028377
  164    0.0522593818    0.0177396698               0
  165   -0.0339176839     0.101855232     0.123878874
  166   -0.0126054587     0.079495754     0.118979392
  167    0.0443783328    0.0445799795    0.0785256345
  168   -0.0086866053   0.00252792735     0.038304206
  169    0.0149499048   0.00236609124    0.0233864958
  170    0.0839839323    0.0643896826     0.052720543
  171   -0.0085636999     0.101360851     0.125814378
  172    0.0394069713    0.0997201899     0.113719122
  173    -0.021189118    0.0244282732    0.0823717605
  174    0.0131455195    0.0261603555    0.0797474978
  175    -0.023341183     0.122801422     0.130369905
  176   -0.0367223254   0.00456253539    0.0491816613
  177    0.0922744662    0.0522921795    0.0135281179
  178    0.0689337066     0.104274369    0.0976785239
  179    -0.081081701    0.0157112239    0.0371833859
  180    -0.099359223    0.0339130193    0.0490426212
  181    0.0369157993   0.00399883196    0.0144822294
  182    -0.102836445    0.0264885573    0.0236945547
  183   -0.0499763266    0.0888340709      0.12339789
  184   -0.0253694276  -0.00861176027               0
  185     0.103948354    0.0694243457     0.016272643
  186    -0.118386251    0.0401210102    0.0169938321
  187   -0.0687770979    0.0509815157    0.0984551393
  188   -0.0550700509  -0.00360948186               0
  189    0.0477550927     0.115518185     0.117009484
  190    0.0160212026   0.00432592015     0.051247943
  191    0.0751153942    0.0281405957    0.0222075322
  192  -0.00193094416    0.0288070414    0.0944317992
  193   -0.0381231264  -0.00696240522    0.0245378721
  194    0.0737710697    0.0370018776    0.0515495501
  195   -0.0580636463    0.0813287393     0.121569773
  196   -0.0822332796   0.00538985391               0
  197    0.0885954305    0.0881807785    0.0789634048
  198     0.023341183     0.122801422     0.130369905
  199    -0.105681048    0.0210212675               0
  200   -0.0105538538   -0.0105831762     0.022821757
  201   -0.0610445144   -0.0019203494    0.0299892132
  202    0.0577717787     0.016389005    0.0414009102
  203    0.0751160074    0.0551412162    0.0754675985
  204    0.0455038198    0.0231017885    0.0704857227
  205   -0.0915401469    0.0851199242      0.10929849
  206 -0.000897259285     0.047251131     0.114664736
  207    -0.120740728    0.0323523807               0
  208     0.108253175          0.0625               0
  209    0.0389767177    0.0760609404      0.11907524
  210    0.0911006017    0.0415891723    0.0355343237
  211   -0.0522858774    0.0625365249     0.121365827
  212   -0.0351496807    0.0439949024      0.11428481
  213    -0.084248545    0.0187964579    0.0647690485
  214    -0.106866297    0.0648428453    0.0906406123
  215   -0.0722750382     0.101986856     0.127703048
  216   -0.0841654586    0.0323387046    0.0844232884
  217               0           0.125     0.142489537
  218   -0.0259649046    0.0852243865     0.138284497
  219    0.0800107305    0.0744760412    0.0948701565
  220     0.108070923    0.0628146134    0.0398116754
  221    0.0333015071  -0.00695287673    0.0352535869
  222    0.0192612471    0.0343940831     0.107814101
  223    0.0153701092    0.0590870386     0.125536787
  224     0.111394441    0.0567122436    0.0146156301
  225    0.0808262454    0.0160773398               0
  226    -0.122281898    0.0259256136    0.0154231463
  227   -0.0490516448     0.114973632     0.141402546
  228     0.020142715   -0.0176646918               0
  229    0.0634016435    0.0598896955     0.104650965
  230   -0.0416293945    0.0161233198    0.0966943516
  231    -0.121765986    0.0282496862    0.0383771058
  232    0.0656866656    0.0842916367     0.116062505
  233    0.0137868064     0.100735912     0.142604155
  234     0.069917116   0.00531045965    0.0187890564
  235   -0.0354006161  -0.00179808007    0.0761693757
  236     0.102033106    0.0346355724               0
  237    -0.101659077   0.00515007032    0.0242745354
  238  -0.00789612646  -0.00578846424    0.0731980509
  239    0.0035425651    0.0781736041      0.14121952
  240    -0.118233766    0.0405681715    0.0722024043
  241  -0.00522669325   -0.0262764528               0
  242   -0.0640978403    0.0236316445     0.101822331
  243     -0.08182005    0.0610512794     0.121032343
  244   -0.0743202594  -0.00506890976    0.0543551213
  245   -0.0136344723    0.0225259097     0.113041886
  246   -0.0164210488    0.0590559588     0.137346971
  247    0.0112773476   -0.0204208918     0.039150841
  248    -0.123930608     0.016315774               0
  249     0.115484942    0.0478354291               0
  250    0.0825483802    0.0156515958    0.0419468865
  251   -0.0204715693   -0.0223107455     0.043371861
  252    0.0305841578    0.0794441102     0.138419299
  253    0.0335321045   -0.0201701397    0.0168536877
  254   -0.0875381452  -0.00900985992     0.030925356
  255    0.0427186691    0.0420704096     0.116319908
  256    0.0313100489   0.00139381174    0.0804314334
  257   -0.0808262454   -0.0160773398               0
  258    0.0504146004  -0.00251294262     0.060544826
  259    -0.024616716       0.1225521     0.155297022
  260   -0.0474992763   -0.0219680708    0.0442949287
  261    -0.055913729    -0.025839863    0.0177917991
  262    -0.106233556  -0.00347168441               0
  263    0.0490516448     0.114973632     0.141402546
  264   -0.0626905951    0.0408591893     0.123787764
  265   -0.0278606007   -0.0312852155    0.0153961118
  266    0.0668580808    0.0275143465    0.0912948639
  267   -0.0678274244    0.0880146455     0.143705648
  268    0.0722750382     0.101986856     0.127703048
  269   -0.0156354331    0.0429626913     0.134483242
  270    -0.101003097   0.00149315838    0.0506563157
  271   -0.0458873222   -0.0306609284               0
  272    0.0742328318    0.0117574891    0.0632871516
  273    0.0059906698    0.0363624807     0.129082928
  274   -0.0184676641  0.000558540866    0.0982820499
  275    0.0915401469    0.0851199242      0.10929849
  276  -0.00911777628      0.10245698     0.156838779
  277     0.042483559    0.0129648016    0.0967435851
  278     0.118386251    0.0401210102    0.0169938321
  279   -0.0874091424    0.0351836808     0.112039108
  280     0.103218875    0.0233316699    0.0330634369
  281    -0.124738903   0.00807503178    0.0184025165
  282   -0.0409287427     0.048578686     0.139538321
  283     0.024616716       0.1225521     0.155297022
  284    -0.123304934    0.0205156845    0.0609345849
  285   0.00328875244   -0.0239011774    0.0602755945
  286    0.0886826506    0.0504228603    0.0974053728
  287    0.0183543709   0.00349120969     0.102035304
  288    0.0276091402    -0.018827676     0.061777863
  289     0.049496804   -0.0244091225               0
  290    0.0575021082    0.0869615552     0.139756069
  291    0.0822332796  -0.00538985391               0
  292   -0.0417179325    0.0743513787     0.152785219
  293    0.0891981756    0.0239169942     0.074886692
  294   -0.0739131337  -0.00420900902    0.0843491659
  295     0.106866297    0.0648428453    0.0906406123
  296    0.0718261098  -0.00750939986    0.0433573307
  297     0.120740728    0.0323523807               0
  298          -0.125  7.65404249e-18               0
  299     0.101974858    0.0245309793      0.05766076
  300     0.114728631    0.0496219826    0.0672366844
  301    -0.106228026    0.0658832794     0.125772748
  302     0.106926412    0.0144178882    0.0109588296
  303     0.057548589   0.00384847959    0.0862130385
  304   -0.0661553502    0.0596996877     0.144141633
  305    -0.106926412   -0.0144178882    0.0109588296
  306    0.0387029393     0.100666341     0.154656261
  307    -0.109203745    0.0266153991    0.0986988849
  308   -0.0929108322    0.0836216315     0.143232036
  309    0.0504370808    0.0599554072     0.139799479
  310    0.0285841784    0.0189966636      0.12332042
  311   -0.0373225008    0.0272796957     0.136049749
  312     0.017353102    0.0496271272     0.147206089
  313    -0.057777227   -0.0228683737    0.0712632427
  314   -0.0718902298     0.102258471     0.157972913
  315               0           0.125     0.168104507
  316    0.0852993482    0.0642318689     0.121470149
  317    -0.117542536    0.0425294272     0.108627032
  318     0.120552156    0.0330481109    0.0417151134
  319   -0.0876615849   0.00866313462     0.103216082
  320   -0.0739110362   -0.0364488894               0
  321     0.122281804    0.0259260581    0.0154241985
  322  -0.00133827988    0.0386190509     0.146998796
  323          -0.125  1.07462835e-05    0.0448715807
  324    -0.101229861 -0.000185479056    0.0811123494
  325     0.054330854   -0.0220113261    0.0542238458
  326   -0.0435682593   -0.0114078266     0.101113138
  327   -0.0763591643   -0.0342381844     0.028918148
  328    0.0184238031    0.0836202944     0.163299361
  329    -0.124738629  -0.00807926094     0.018412047
  330  -0.00625697104   -0.0463499243    0.0206396892
  331     0.106233556   0.00347168441               0
  332    0.0748183147    0.0384870406     0.118537464
  333   -0.0294836462    0.0984970925     0.169819155
  334   -0.0233282984    -0.024554897    0.0870153574
  335    0.0141528739     0.100658315     0.168336096
  336    0.0342631359   -0.0362231918    0.0409364466
  337   -0.0257047726     0.060231068     0.160594894
  338   -0.0296245228   0.00338875433     0.123752882
  339   -0.0244091225    -0.049496804               0
  340    0.0118944602   -0.0456098241    0.0270518533
  341    -0.110872063   -0.0183168788    0.0337746138
  342    -0.020487049   -0.0385646264    0.0631104224
  343   0.00136504088   -0.0191262164    0.0989324589
  344   -0.0487406732     0.115105807     0.171701001
  345  -0.00489139135    0.0667182368     0.165277372
  346  -0.00241269376  -0.00236002565     0.120974974
  347    0.0211183251   -0.0234282851    0.0882177842
  348    -0.123626743     0.018477782    0.0914811384
  349    0.0419807077 -0.000505280138     0.110255242
  350    0.0306609261   -0.0458873267               0
  351   -0.0740212873    0.0154681607      0.12664433
  352     0.101659077  -0.00515007032    0.0242745354
  353     0.123930608     0.016315774               0
  354    -0.123930608    -0.016315774               0
  355   -0.0858360938    0.0404145839     0.139451005
  356    0.0469605833   -0.0208813664    0.0793502279
  357    0.0189321996    0.0201507029     0.138878805
  358    -0.102466927   -0.0289137413    0.0236292315
  359     0.055945113    0.0148626174     0.119389573
  360    0.0780362517    -0.026489738               0
  361   -0.0283623629   -0.0475166465    0.0446334755
  362   -0.0544468499   -0.0461065923    0.0373742366
  363    -0.071474431   -0.0043607157     0.110804086
  364    0.0640938181    0.0361026025     0.132872467
  365 -0.000909782851   -0.0470560833    0.0485911564
  366    0.0789069965   0.00236463306    0.0894068934
  367    0.0725726096   -0.0137518095    0.0706884011
  368   -0.0949851261   -0.0289569022    0.0488486859
  369   -0.0690218522   -0.0372154964    0.0573379613
  370    0.0447008046    0.0761962352     0.161436506
  371    0.0920114501    0.0231779434      0.10268576
  372   0.00360951494   -0.0550700585               0
  373    -0.102033106   -0.0346355724               0
  374   -0.0562098323   0.00718375232      0.13150325
  375    0.0636991769   -0.0366874245    0.0193984934
  376   -0.0113357618    0.0128843982     0.142636813
  377    0.0376871996    0.0299655666     0.145270882
  378   -0.0613013094    0.0329310279     0.150554591
  379    -0.024616716       0.1225521      0.18160676
  380    -0.101347337    0.0212103002     0.123830251
  381    0.0141050743  -0.00485229852     0.124986879
  382    0.0718902298     0.102258471     0.157972913
  383    0.0151497348   -0.0163502026     0.113158864
  384    0.0697018751    0.0106369493     0.115105501
  385   -0.0705640144    0.0742478893     0.167597174
  386     0.124738629   0.00807926094     0.018412047
  387   -0.0846398845   -0.0287165159     0.076294231
  388    0.0973196286  -0.00276123501    0.0694718335
  389    0.0487406732     0.115105807     0.171701001
  390   -0.0619589119   -0.0543365074               0
  391    -0.124905664  -0.00485542806    0.0743347247
  392    -0.122281804   -0.0259260581    0.0154241985
  393    0.0929108322    0.0836216315     0.143232036
  394   -0.0521380618    0.0532310111     0.167442293
  395  -0.00846233657     0.103662481      0.18405814
  396   -0.0349405732    0.0350085157     0.161674904
  397   -0.0405985353   -0.0360113953    0.0908932835
  398   -0.0215088651   -0.0218047084     0.114770988
  399   -0.0686137981   -0.0539920223    0.0150582708
  400     0.024616716       0.1225521      0.18160676
  401   -0.0664187515   -0.0276121239    0.0973697464
  402      0.10067653   -0.0138252482    0.0487740985
  403   -0.0478542787     0.103640497     0.183532239
  404   0.00449824714    -0.049095153    0.0698886075
  405     0.102465232    0.0422048177     0.120291026
  406     0.121181162    0.0306614756    0.0877351707
  407           0.125 -7.65404249e-18               0
  408    -0.120740728   -0.0323523807               0
  409    0.0409286643    -0.042777401    0.0672773063
  410    0.0340192018   0.00542291102     0.138889082
  411     0.105681048   -0.0210212675               0
  412   -0.0921068279   -0.0176052244     0.100805833
  413   -0.0145311182    0.0779812658     0.184008934
  414    0.0685211823   -0.0457843902               0
  415    0.0787597605   -0.0329512319    0.0515164169
  416    0.0276198599     0.028868885     0.159667977
  417   -0.0322277503   -0.0653514127     0.022821757
  418    0.0413718863   -0.0246493817     0.105847296
  419     0.106553001   0.00545870065    0.0866913662
  420    0.0347676129    0.0919016732     0.181850112
  421    -0.118262621    0.0404839784     0.139173641
  422    0.0594689735    0.0454577268     0.157792094
  423    0.0548032151  -0.00319317215     0.126432399
  424   -0.0795045738     0.047837677     0.165643722
  425    -0.120552156   -0.0330481109    0.0417151134
  426   0.00844256237    0.0838132782     0.187182706
  427           0.125 -1.07462835e-05    0.0448715807
  428     0.102836445   -0.0264885573    0.0236945547
  429    0.0587393019   -0.0485136436     0.046514062
  430    -0.118386251   -0.0401210102    0.0169938321
  431   -0.0363806451   0.00360266466     0.150874053
  432     0.124738903  -0.00807503178    0.0184025165
  433     0.110449233    0.0585317607     0.131683032
  434    0.0867424794    0.0431657449     0.143380429
  435    0.0383539922   -0.0405457979     0.088457922
  436    0.0703467092    0.0664569825     0.164540268
  437   -0.0457843902   -0.0685211823               0
  438   -0.0420346015     0.078998489     0.187795774
  439    -0.123913319    0.0164465621     0.122027968
  440   -0.0926980163   -0.0550944116    0.0124537632
  441    0.0277699503    0.0650339812     0.180636634
  442   -0.0397428396   -0.0587385593    0.0645743646
  443    0.0461869672   -0.0594889848    0.0246719793
  444   -0.0926825229    0.0838746085     0.175646459
  445               0           0.125     0.195109012
  446   -0.0929399709  -0.00517368604      0.12583363
  447   -0.0204790358    0.0249554174      0.16903029
  448   -0.0139689519   -0.0687943699    0.0377944041
  449   0.00603843287    0.0176932088     0.163997094
  450   -0.0138521416   -0.0646798153    0.0558193986
  451    -0.010513751   -0.0442157554     0.102197153
  452     0.048398664    0.0497484232     0.170538033
  453   -0.0913909256   -0.0496847663    0.0562423981
  454   -0.0586012742   -0.0664536204    0.0304181775
  455    -0.109386355    0.0604948364      0.16222957
  456    -0.044154166   -0.0178295815     0.134703708
  457   -0.0172297237    -0.014409194     0.141383846
  458   -0.0711544365     0.102771816       0.1893158
  459   -0.0214421156      0.10254253     0.197080801
  460    -0.115484942   -0.0478354291               0
  461     0.123930608    -0.016315774               0
  462    0.0936240219   -0.0292773031    0.0618352383
  463   -0.0863941743   -0.0619166192               0
  464   -0.0408316607   -0.0334305392     0.118719066
  465    0.0908473474    0.0188236742     0.130270794
  466    0.0543365074   -0.0619589119               0
  467   0.00476567309   -0.0727098673     0.022821757
  468     0.124905664   0.00485542806    0.0743347247
  469    0.0120482738  -0.00884104901     0.146169099
  470    -0.124812852  -0.00683753867     0.104881307
  471    0.0349570126   -0.0629972126    0.0489294436
  472   0.00219033445   -0.0291047063     0.127666989
  473   -0.0185449826   -0.0585614405    0.0823401493
  474   -0.0915533715    0.0115505263     0.148135187
  475    -0.066284593   -0.0580301252    0.0685220751
  476    0.0132424777   -0.0681542763    0.0524758607
  477    0.0158392739   -0.0458902283      0.10330535
  478  -0.00180926078    0.0407772813     0.182955365
  479    0.0636284594   -0.0351578099    0.0951189827
  480    0.0282393613    0.0396160259     0.177940251
  481    0.0912650781   -0.0221294847    0.0886955308
  482   -0.0286265357    0.0545299756     0.189255869
  483    0.0933005564   -0.0028497703     0.112792451
  484    -0.105491447    0.0413797227      0.16156987
  485    -0.026489738   -0.0780362517               0
  486     0.120642361    0.0327172836     0.118281772
  487     0.033732061   -0.0251960775     0.128667196
  488    0.0252260184     0.098579447     0.197428764
  489    0.0668151021    0.0201193729      0.15415789
  490   -0.0458065618     0.116304595     0.201371421
  491    0.0785144949   -0.0532739304    0.0351565723
  492   -0.0719013722   -0.0209035333     0.133328113
  493    -0.111394441   -0.0567122436    0.0146156301
  494   -0.0499087018    0.0972643672     0.200123242
  495     0.122281898   -0.0259256136    0.0154231463
  496    0.0364488947   -0.0739110385               0
  497    0.0538439581    0.0727425215     0.185701175
  498    0.0481152179    -0.001517639     0.148910444
  499    0.0971122917   -0.0478904825               0
  500    -0.121181162   -0.0306614756    0.0877351707
  501  -0.00538985391   -0.0822332796               0
  502   -0.0785583972   -0.0669957473    0.0501588709
  503    0.0160773582   -0.0808262637               0
  504    0.0281072596   0.00377197703     0.163099403
  505    0.0997355488    -0.041983324     0.045858753
  506   -0.0686490831    0.0571780306     0.189647159
  507    -0.108253175         -0.0625               0
  508     0.120740728   -0.0323523807               0
  509    0.0953349615   -0.0504842072    0.0199611748
  510    0.0526504489   -0.0180239456     0.135650879
  511   -0.0880846113    -0.045145178    0.0986416157
  512   -0.0136728976  -0.00200350845     0.166176926
  513    -0.062963798    0.0312499232     0.180891609
  514   -0.0460976942   -0.0645509041    0.0846970709
  515    0.0769668253  -0.00489248231      0.13538195
  516   -0.0854011035    0.0206221981     0.168051528
  517   -0.0583504464   -0.0511583642     0.106146801
  518     0.121765986   -0.0282496862    0.0383771058
  519    0.0718708657   -0.0480937202    0.0804928835
  520    0.0165786916   -0.0306959697     0.137346067
  521    -0.024616716       0.1225521     0.209308111
  522    0.0711544365     0.102771816       0.1893158
  523    0.0680243727   -0.0232663921     0.123609466
  524     0.123304934   -0.0205156845    0.0609345849
  525   -0.0601613729   -0.0100617472     0.156260121
  526   -0.0313636601   -0.0567603178      0.10698354
  527    -0.114728631   -0.0496219826    0.0672366844
  528    0.0926825229    0.0838746085     0.175646459
  529     0.085917607    0.0379023525       0.1628474
  530    0.0458065618     0.116304595     0.201371421
  531   -0.0382641551   -0.0810374803    0.0446905897
  532     0.124812852   0.00683753867     0.104881307
  533  -0.00331978528    0.0584546058     0.200451594
  534    -0.108070923   -0.0628146134    0.0398116754
  535   -0.0710454756   -0.0810118385               0
  536   -0.0753663229   -0.0779691618    0.0275156662
  537    0.0306907873    0.0739192762     0.201152661
  538   -0.0440074253    0.0454655292     0.195717983
  539   -0.0116635855      0.10363452     0.211883886
  540    -0.103948354   -0.0694243457     0.016272643
  541     0.118386251   -0.0401210102    0.0169938321
  542     0.024616716       0.1225521     0.209308111
  543    0.0272604284   -0.0660163329     0.087078998
  544   -0.0658793779    -0.038591189     0.129951218
  545   -0.0626207813   0.00484793741     0.171722837
  546    0.0554810331   -0.0666357524    0.0675359399
  547    0.0142454789    0.0528718746     0.200188847
  548    0.0653161365   -0.0731379158    0.0247450245
  549     0.109386355    0.0604948364      0.16222957
  550   -0.0250001038    0.0736268404     0.209291468
  551     0.050067542    0.0939860397     0.203119693
  552   -0.0740628777   -0.0837988843    0.0140978363
  553   -0.0985474231   -0.0443598132     0.108183443
  554   -0.0991691675   -0.0760951786               0
  555     0.115484942   -0.0478354291               0
  556    -0.124165292    0.0144215208     0.152574503
  557   -0.0252875942    0.0305476752     0.195990507
  558    0.0585283311   -0.0759874407    0.0413881155
  559    0.0657886082     0.028372549     0.177370148
  560    0.0810118385   -0.0710454756               0
  561   -0.0308854736   -0.0415997796      0.14104156
  562    0.0349522224   -0.0277189313     0.148052411
  563    -0.103134578   -0.0285281048     0.129556653
  564    0.0487595845   0.00744977581     0.172564445
  565   -0.0355518338   -0.0224794949     0.160888189
  566    -0.124687811  -0.00882891372     0.135428134
  567    0.0585388511    -0.045362132      0.11614284
  568   -0.0232032075   -0.0820872962    0.0727921236
  569  0.000231136959   -0.0818127551    0.0726436364
  570    0.0419499145    0.0498098174     0.197509677
  571    0.0949942354    0.0618183891     0.178294097
  572    0.0707271671    0.0506557032     0.187546942
  573    0.0654863541  -0.00275945639     0.159414776
  574     0.123626743    -0.018477782    0.0914811384
  575    -0.005493188    0.0121516613     0.188847886
  576    0.0356040948   -0.0572909551     0.113384973
  577    0.0192084051    -0.087045916    0.0521516022
  578    0.0884135432   0.00942611597     0.156481696
  579   -0.0376946183    0.0985691796     0.217940272
  580   -0.0324685138   0.00570917139     0.185372974
  581   -0.0710528224      0.08484885     0.209959568
  582     0.120066276    0.0347719623     0.148828362
  583   -0.0536400869   -0.0836080978    0.0655689454
  584    0.0534475354   -0.0630785454    0.0948948796
  585   -0.0931247041   -0.0833833886    0.0139910916
  586    0.0117272674  -0.00639450961     0.176984313
  587    0.0221518224     0.016171829     0.189764684
  588     0.111394441   -0.0567122436    0.0146156301
  589    0.0166834618     0.105229419     0.218626088
  590    0.0800743704   -0.0755097073    0.0144237384
  591    0.0907422326   -0.0397677409     0.105076652
  592   -0.0162494981   -0.0601643011     0.124407208
  593    0.0579011163   -0.0293782403     0.142714607
  594    -0.108283955    0.0624466586     0.192768883
  595    -0.120642361   -0.0327172836     0.118281772
  596   -0.0911146208    0.0855752644     0.206077197
  597   -0.0558314184   -0.0945038487    0.0196722436
  598     0.102386086   -0.0466960568    0.0811862207
  599   -0.0478904825   -0.0971122917               0
  600   -0.0634865356   -0.0901795737    0.0438021661
  601     0.104756977  -0.00406667338     0.138258477
  602     -0.05686427   -0.0371832137     0.150360625
  603               0           0.125      0.22350721
  604   -0.0883883476   -0.0883883476               0
  605     0.108253175         -0.0625               0
  606    0.0619166234   -0.0863941744               0
  607     0.118233766   -0.0405681715    0.0722024043
  608    -0.119452059    0.0368266961     0.179374448
  609    0.0989359681    0.0231818406     0.164564019
  610   -0.0273849948   -0.0802371405    0.0939992251
  611   -0.0688596705     0.104323275     0.217950257
  612    0.0438755334    -0.019170847     0.163100366
  613   -0.0229867517   -0.0997351368    0.0273218744
  614   0.00021678121    -0.080477544    0.0942512829
  615   -0.0460709095   -0.0583067054     0.130235987
  616   -0.0115078858   -0.0970700061    0.0484547096
  617     0.124687811   0.00882891372     0.135428134
  618   -0.0570129537    0.0613054193     0.214723324
  619    0.0864809559   -0.0694937773    0.0612460081
  620    0.0922318023   -0.0277404647     0.130263448
  621   -0.0834317705   -0.0930813605    0.0139196801
  622 -0.000299740359   -0.0439108402     0.152927181
  623   -0.0883883795   -0.0883883158     0.039334666
  624    0.0405847668   -0.0885481086    0.0587444885
  625    0.0195521162   -0.0539286873     0.137744648
  626     0.108070923   -0.0628146134    0.0398116754
  627    -0.106866297   -0.0648428453    0.0906406123
  628     0.103948354   -0.0694243457     0.016272643
  629    0.0690965673   -0.0264294044     0.149577847
  630    0.0594904197   -0.0195350885     0.161112512
  631   0.00180207893   -0.0261850455     0.171630137
  632   -0.0506397045    0.0113223084     0.196131549
  633  -0.00294102557    0.0795053981     0.224071573
  634    0.0542986416   -0.0935427567    0.0111736066
  635    0.0431335669   -0.0960134797    0.0246036617
  636   -0.0880352136  -0.00639056689     0.174731414
  637    0.0377446387   -0.0990938935               0
  638   -0.0210212675    -0.105681048               0
  639   -0.0678676379   -0.0807272981    0.0905876353
  640      0.03066727    0.0911507618     0.222786739
  641   0.00706346581    -0.103302933    0.0275752905
  642   -0.0921825742    0.0319843031     0.197274292
  643    0.0762605914   -0.0460311303     0.125208573
  644   -0.0484033213   -0.0766662686     0.109798012
  645   -0.0760951786   -0.0991691675               0
  646    0.0991691675   -0.0760951786               0
  647   -0.0808413626    -0.028119405     0.161504919
  648   -0.0917861604   -0.0513842628     0.130541756
  649    0.0865497558    0.0124097016     0.174648427
  650   -0.0482661764     0.084877738     0.226256471
  651     0.054615807    0.0683875968     0.213769053
  652   -0.0436400356      0.11713474     0.230330962
  653     0.123913319   -0.0164465621     0.122027968
  654   0.00708177772    -0.108046952               0
  655   -0.0415073429   -0.0921330306    0.0845527077
  656    0.0382536155   -0.0526844173     0.142492234
  657     0.040870065    0.0349028203     0.208128477
  658    0.0521621176      0.01355296     0.194060005
  659    -0.105321185    0.0125190827     0.185905904
  660   -0.0626979104    0.0288227716      0.20914159
  661    0.0804244068   -0.0604164403     0.107832216
  662   -0.0694243457    -0.103948354     0.016272643
  663    0.0452946831   -0.0375363345     0.158760453
  664    0.0581411079  -0.00570627096     0.180930074
  665   -0.0173190557    0.0314332004     0.215808351
  666    0.0688596705     0.104323275     0.217950257
  667   -0.0370900899    0.0159812824     0.207594775
  668      0.08875671    0.0351663585     0.190430041
  669    0.0923893087   -0.0841974799    0.0137050204
  670    0.0757020294   -0.0753634653    0.0846498127
  671    0.0679232699    0.0355269217     0.201129656
  672   -0.0711216688   -0.0687245722     0.123697983
  673   -0.0810782754   0.00874747594     0.194833164
  674    0.0911146208    0.0855752644     0.206077197
  675    -0.010997645   -0.0151907799     0.190675656
  676    0.0393636469   -0.0790807693     0.106986086
  677    0.0892442162   -0.0185123673     0.156477288
  678         -0.0625    -0.108253175               0
  679    0.0883883476   -0.0883883476               0
  680    0.0308686916     0.056342274     0.222218459
  681   -0.0190303967     -0.05808762     0.152133142
  682   -0.0575641517    -0.028653389     0.176968916
  683    0.0126054587    -0.079495754     0.118979392
  684   0.00497959916    -0.105522206    0.0576008144
  685   -0.0885954305   -0.0881807785    0.0789634048
  686     0.108283955    0.0624466586     0.192768883
  687  -0.00987973775     0.104950888      0.23711098
  688    0.0509576497   -0.0880723251     0.084649235
  689   0.00897106955    0.0221868955     0.213667312
  690    0.0436400356      0.11713474     0.230330962
  691   -0.0159729186     0.123975263     0.238122669
  692   -0.0355536469    -0.105771815    0.0604585571
  693   -0.0999305759   -0.0357908132     0.156651591
  694    0.0350773727  -0.00849049961     0.192203653
  695    0.0681106503   -0.0910920306    0.0628604649
  696   -0.0153589186    -0.104443505    0.0719002484
  697   -0.0555915086    -0.111957957    0.0143859312
  698   0.00375299519    0.0467583724     0.225925497
  699    -0.124529885   -0.0108308708     0.165974643
  700     0.117542536   -0.0425294272     0.108627032
  701    0.0824116278   -0.0939857627    0.0161334361
  702    0.0739589863   0.00292850389     0.186417681
  703   -0.0880988762    0.0523332529     0.217449108
  704    0.0513739113   -0.0716080814     0.121668243
  705    -0.124383032      0.01240409     0.183121037
  706    0.0373531316   -0.0297330522     0.176548884
  707   -0.0714680827    -0.059849856     0.144607374
  708    0.0220949611    -0.100996945    0.0752422508
  709    0.0159729186     0.123975263     0.238122669
  710   -0.0830112046   -0.0268537204     0.174898287
  711    0.0856142689   -0.0910779719    0.0361190228
  712    -0.120066276   -0.0347719623     0.148828362
  713     0.119452059    0.0368266961     0.179374448
  714   -0.0478354291    -0.115484942               0
  715    0.0760951786   -0.0991691675               0
  716   -0.0246818374   -0.0378279558     0.179246525
  717   -0.0572853253    -0.111100817    0.0386631809
  718   -0.0648609476   -0.0125904933     0.193451428
  719    0.0844931001    0.0536326778      0.20951317
  720     0.106866297   -0.0648428453    0.0906406123
  721    0.0104971871  -0.00428557679      0.20482831
  722   -0.0169564979    -0.100861544    0.0944770407
  723    0.0702036811     -0.10342361    0.0178352859
  724    -0.110449233   -0.0585317607     0.131683032
  725    0.0688532697   -0.0561141603     0.140993451
  726    0.0671648108    -0.030014709     0.169953657
  727   0.00521031742    -0.104117352    0.0845832184
  728    0.0200487374   -0.0572380733     0.159762773
  729   -0.0397703191    -0.118504522     0.019127316
  730    0.0595778468   -0.0505135492     0.154395721
  731   -0.0653173308     -0.10657695    0.0673385557
  732   -0.0874220023    0.0316740732     0.215663538
  733   -0.0323523807    -0.120740728               0
  734          0.0625    -0.108253175               0
  735     0.124529885    0.0108308708     0.165974643
  736    -0.048398664   -0.0497484232     0.170538033
  737   -0.0138112998   -0.0897618495     0.120864744
  738   -0.0999683955    0.0192556607     0.206234891
  739     0.102437161   0.00398513327     0.179096439
  740    -0.022558109    0.0847837311     0.242978966
  741    -0.107033085    0.0398784456      0.21298293
  742    -0.110154998   -0.0192258574     0.177087236
  743   -0.0305841578   -0.0794441102     0.138419299
  744    0.0636237005   -0.0828622273      0.10808927
  745   -0.0035425651   -0.0781736041      0.14121952
  746   -0.0723743896    0.0725374138     0.235195683
  747    0.0552466452    -0.112128534    0.0165554531
  748    0.0606832811    0.0518771646     0.223868655
  749   -0.0915401469   -0.0851199242      0.10929849
  750    -0.016315774    -0.123930608               0
  751    0.0478354291    -0.115484942               0
  752   -0.0189720737    -0.123551853    0.0185544755
  753     0.033423648   0.00865833757     0.214213449
  754    0.0336121066    0.0778299957     0.238921134
  755   -0.0380421533   -0.0981758969     0.109225414
  756    -0.106742635    0.0650462141     0.224215701
  757     0.124165292   -0.0144215208     0.152574503
  758    0.0568059303    -0.111346694    0.0382038033
  759     0.106544395   -0.0187325454     0.163459511
  760    0.0323523807    -0.120740728               0
  761              -0          -0.125               0
  762    0.0885954305   -0.0881807785    0.0789634048
  763    0.0396129767     -0.11855721    0.0193979845
  764   -0.0886012461    0.0881749351      0.23639366
  765   -0.0450271532    0.0600669769      0.23994347
  766     0.016315774    -0.123930608               0
  767               0          -0.125    0.0166731472
  768   -0.0260489305    -0.122255688    0.0431603086
  769   -0.0419390172    -0.106337634    0.0952199029
  770   -0.0161383398    0.0083809591     0.222390812
  771    0.0890426883   -0.0459628727     0.151216305
  772    0.0189588739    -0.123553879    0.0185421707
  773   0.00333132341   -0.0435036705     0.186311794
  774    -0.121785881    0.0281637943     0.207493662
  775   -0.0429887411   -0.0112071077       0.2107991
  776   -0.0623179946    0.0193242441     0.224409876
  777               0          -0.125    0.0344995649
  778    0.0317624467    -0.064740495     0.160091187
  779   -0.0696386876    0.0392222013     0.231612332
  780     -0.05039747    0.0263020676     0.230497325
  781    0.0776849429   0.00678245335     0.203224855
  782    0.0259691455     -0.12227266    0.0430864801
  783   0.00379595024   -0.0670596668     0.165523819
  784    0.0653173308     -0.10657695    0.0673385557
  785   -0.0689337066    -0.104274369    0.0976785239
  786   -0.0226993356    0.0432638538     0.240553797
  787               0           0.125     0.253292482
  788   -0.0662853902     0.105977578     0.248335981
  789   -0.0958209175  -0.00865725483     0.201480131
  790   -0.0666974085   0.00218587196     0.217105927
  791   0.00130843761    -0.105825167     0.106807315
  792     0.118262621   -0.0404839784     0.139173641
  793     0.028705849    -0.103946233     0.103293906
  794   -0.0860091034    0.0100348257     0.217094352
  795     0.101794261    0.0219277623     0.201563691
  796   -0.0420568228    -0.117712462    0.0771825224
  797               0          -0.125    0.0535274984
  798    0.0187030082   -0.0323000761     0.198678734
  799     -0.01945249    -0.123477126    0.0636647885
  800   0.00395844952    0.0806888609     0.251047769
  801    0.0160940541    0.0572056939     0.244662777
  802   -0.0261518994   -0.0281243169     0.205354702
  803    0.0524449394    0.0913035237     0.244404573
  804    0.0589881942    0.0178221087     0.220826176
  805   -0.0575021082   -0.0869615552     0.139756069
  806     -0.03927913   -0.0968267618     0.129193626
  807    0.0233782942   -0.0853440345     0.143542421
  808   -0.0703467092   -0.0664569825     0.164540268
  809    0.0799471334   -0.0780221608     0.127470329
  810      0.01945249    -0.123477126    0.0636647885
  811   -0.0389450463    0.0987642424     0.256013436
  812    0.0312469849   -0.0995402199     0.120786462
  813     0.106228026   -0.0658832794     0.125772748
  814   -0.0447008046   -0.0761962352     0.161436506
  815    0.0506868901   -0.0771785453     0.148747952
  816   -0.0999928692   -0.0282048836     0.192166935
  817   -0.0307074265    0.0169451174     0.235609761
  818    0.0555125743  -0.00821388139     0.211271275
  819    0.0915401469   -0.0851199242      0.10929849
  820   -0.0111853502    0.0580821026     0.250871271
  821               0          -0.125    0.0738020786
  822    0.0419949628    -0.117734545    0.0771251002
  823    0.0476581002    -0.104829325     0.106661091
  824    0.0169590348     0.105224679     0.257681019
  825   -0.0470432691   0.00128054853     0.227791353
  826    0.0886012461    0.0881749351      0.23639366
  827    0.0447647257   -0.0338440982     0.198881905
  828   -0.0207135459     -0.12327185    0.0845832184
  829    0.0422146651    0.0526687927     0.244795306
  830  -0.00694292033      0.10037803     0.260404524
  831   -0.0277699503   -0.0650339812     0.180636634
  832    -0.093415511   -0.0539851841     0.175813607
  833    -0.119452059   -0.0368266961     0.179374448
  834    -0.068779761   -0.0492494257     0.189554556
  835    0.0662853902     0.105977578     0.248335981
  836     0.106742635    0.0650462141     0.224215701
  837    0.0689337066    -0.104274369    0.0976785239
  838    -0.109386355   -0.0604948364      0.16222957
  839    0.0852730911    0.0598381278     0.233805642
  840    -0.107914574    0.0287368664     0.227938095
  841   0.00479418328    -0.105064063      0.12855196
  842   -0.0929108322   -0.0836216315     0.143232036
  843    0.0207135459     -0.12327185    0.0845832184
  844    0.0286265357   -0.0545299756     0.189255869
  845    0.0131094488    0.0015346093     0.232041364
  846    0.0550203606   -0.0554690356     0.180120106
  847   -0.0184238031   -0.0836202944     0.163299361
  848   -0.0419499145   -0.0498098174     0.197509677
  849   -0.0683179537   -0.0258986667     0.211624918
  850     -0.12432937   -0.0129308804     0.198889757
  851    0.0305136075   -0.0189169642     0.217732188
  852     0.118656944    0.0393132249     0.211513315
  853  -0.00261837205   -0.0305404367     0.214657938
  854    0.0535675222    0.0284002803     0.236963298
  855  -0.00128022656    0.0172629943     0.242355144
  856    0.0589126639    0.0696529312     0.248515791
  857    -0.108526383   0.00309553261     0.217400369
  858   -0.0875223558    0.0299041719     0.237704142
  859    0.0996090192   -0.0191905157     0.191038815
  860   -0.0722750382    -0.101986856     0.127703048
  861   -0.0137868064    -0.100735912     0.142604155
  862   -0.0487686122    0.0785188621     0.260602083
  863    0.0862439772    0.0228663624     0.224421546
  864               0          -0.125    0.0953643582
  865    -0.047332285    0.0341253834     0.250090833
  866      0.12432937    0.0129308804     0.198889757
  867    -0.024616716       0.1225521     0.267854019
  868     0.124383032     -0.01240409     0.183121037
  869    0.0946277214   -0.0400300112     0.181172419
  870   -0.0477550927    -0.115518185     0.117009484
  871   -0.0220118341    -0.123046654     0.106807315
  872   -0.0167122751   -0.0560289848     0.200333419
  873    0.0274524582    0.0294853592     0.248657966
  874   -0.0894244883    0.0534713164     0.250354552
  875   -0.0642363648    0.0523212818     0.256081298
  876    0.0292764111    0.0813090941      0.26364517
  877     0.024616716       0.1225521     0.267854019
  878   -0.0841712305   -0.0102907426     0.225966261
  879   -0.0696531012    0.0148006851     0.242890163
  880    0.0220118341    -0.123046654     0.106807315
  881    0.0815318456   -0.0612261011     0.173394437
  882   -0.0935608113   -0.0398420729     0.203611833
  883   0.00681816528   -0.0566675412     0.202777444
  884   -0.0538439581   -0.0727425215     0.185701175
  885   -0.0167186796    0.0787130531     0.269447319
  886   -0.0387029393    -0.100666341     0.154656261
  887    0.0477550927    -0.115518185     0.117009484
  888    0.0722750382    -0.101986856     0.127703048
  889    0.0687541188    0.0478627204     0.249346923
  890    0.0929108322   -0.0836216315     0.143232036
  891    0.0613234695   -0.0796390277     0.167577801
  892    0.0145311182   -0.0779812658     0.184008934
  893     0.046454161  -0.00137525207     0.236813929
  894   -0.0170350308   -0.0024346179     0.244663328
  895   -0.0358411788     0.054266507     0.265696553
  896   -0.0733429838     0.030594601     0.253003449
  897     0.109386355   -0.0604948364      0.16222957
  898    0.0583310421    0.0897586793     0.263425739
  899               0          -0.125     0.118250272
  900   0.00505063411    0.0381301023     0.261714898
  901     0.119452059   -0.0368266961     0.179374448
  902   -0.0296845331   -0.0182201701     0.236807814
  903   0.00911777628     -0.10245698     0.156838779
  904    -0.115315266    0.0482430248     0.247166913
  905   -0.0434022836   0.00564041764     0.248974109
  906   0.00778422361    0.0645232125     0.269571221
  907   -0.0863635287    0.0903678091     0.266653275
  908   -0.0430761357   -0.0373876805     0.224606187
  909    0.0759616898  -0.00262584164       0.2294882
  910   -0.0459686077     0.116240643     0.276765703
  911    0.0266423186   -0.0465408417     0.215957266
  912     0.102137705  0.000278821167     0.220127216
  913    -0.023341183    -0.122801422     0.130369905
  914   0.00730713551    0.0911841098     0.276332193
  915   -0.0490516448    -0.114973632     0.141402546
  916    0.0851095362   -0.0242691255     0.214351025
  917  -0.00844256237   -0.0838132782     0.187182706
  918   -0.0511114022    0.0891142072      0.27538304
  919    0.0279851625    0.0529103247     0.267572305
  920   -0.0141528739    -0.100658315     0.168336096
  921    0.0722695496   -0.0441121321      0.20687988
  922   -0.0586221116   -0.0186844101     0.238717857
  923   -0.0255294652    0.0262207466     0.263619043
  924   -0.0745719385    0.0777536741     0.271318973
  925   -0.0718902298    -0.102258471     0.157972913
  926   -0.0252647814    0.0985626323      0.28030032
  927    0.0697776312    0.0185926329     0.246599092
  928     0.023341183    -0.122801422     0.130369905
  929   -0.0811120126   -0.0750415688     0.189393536
  930   -0.0306907873   -0.0739192762     0.201152661
  931    0.0420346015    -0.078998489     0.187795774
  932   -0.0926825229   -0.0838746085     0.175646459
  933   -0.0347676129   -0.0919016732     0.181850112
  934               0           0.125     0.282415556
  935    0.0297398005   -0.0972310395     0.170583478
  936    -0.108283955   -0.0624466586     0.192768883
  937    0.0459686077     0.116240643     0.276765703
  938    -0.102772953   -0.0270113997     0.224525915
  939    0.0790648027    0.0621840904     0.260712835
  940    0.0252647814    0.0985626323      0.28030032
  941     0.049384632    -0.060158405      0.20709143
  942    0.0918309411    0.0356429455      0.24864537
  943    0.0490516448    -0.114973632     0.141402546
  944   0.00118759091   -0.0377360543     0.234503493
  945    -0.118656944   -0.0393132249     0.211513315
  946    0.0519047503   -0.0391681157     0.225375242
  947   -0.0308686916    -0.056342274     0.222218459
  948   -0.0808222049   -0.0517127762     0.217152776
  949    0.0497314125    0.0340155609     0.264057854
  950   -0.0940756962    0.0316214709     0.260118605
  951   -0.0147047922    0.0502064431     0.277355185
  952      0.10499414    0.0678323713     0.254114455
  953               0          -0.125     0.142489537
  954   0.00137941801     0.011735951     0.264306685
  955    0.0863635287    0.0903678091     0.266653275
  956      0.11766703    0.0421837652     0.241951123
  957   -0.0116466472   -0.0578593895     0.224440135
  958    0.0424904586   0.00795735392     0.258128605
  959    -0.124002956   -0.0157564882     0.229360928
  960    0.0718902298    -0.102258471     0.157972913
  961     0.124002956    0.0157564882     0.229360928
  962    -0.054615807   -0.0683875968     0.213769053
  963   -0.0567782214    0.0156784173     0.266395448
  964    0.0983573735   -0.0473016875     0.204990726
  965    0.0250001038   -0.0736268404     0.209291468
  966     0.069006042   -0.0752305201     0.194088042
  967    0.0468587281    0.0544635202      0.27560452
  968    -0.024616716      -0.1225521     0.155297022
  969    -0.106299097     0.065768548     0.271058395
  970     0.121785881   -0.0281637943     0.207493662
  971    0.0284507239   -0.0351433182     0.241096314
  972    -0.123455737    0.0195877757     0.251835217
  973     -0.05356805    0.0648785253     0.284521855
  974    0.0926825229   -0.0838746085     0.175646459
  975   0.00846233657    -0.103662481      0.18405814
  976     0.024616716      -0.1225521     0.155297022
  977    0.0956673379   0.00806666038     0.246179716
  978   -0.0530533078    0.0387103544     0.280045361
  979   -0.0673937295   -0.0443038672      0.23695953
  980   -0.0711474308     0.102776666     0.289210502
  981    0.0701250841   -0.0287552597     0.237515431
  982     0.108283955   -0.0624466586     0.192768883
  983   -0.0814080447   -0.0147591448     0.253204692
  984   -0.0487406732    -0.115105807     0.171701001
  985    0.0453100262    0.0860510806     0.287224754
  986    -0.103260756  -0.00148163476     0.253983339
  987    -0.024616716       0.1225521     0.296281236
  988    0.0276284024    0.0233885803     0.275912916
  989   -0.0424340945    -0.040142568     0.246763869
  990   -0.0252260184    -0.098579447     0.197428764
  991   -0.0584282709  -0.00848022784     0.264541224
  992  -0.00414655744    0.0746051894     0.294745133
  993     0.024616716       0.1225521     0.296281236
  994    0.0117535017   -0.0150533385     0.263467754
  995    0.0762083654    0.0745180675     0.280300036
  996  -0.00751398679     0.023599011     0.282003703
  997   -0.0774103411    0.0502964876     0.284124088
  998    -0.050067542   -0.0939860397     0.203119693
  999    0.0845339273    0.0359083233     0.268313349
 1000  -0.00210374635   -0.0786674798     0.220633736
 1001   -0.0711544365    -0.102771816       0.1893158
 1002    0.0102210021    0.0442008313     0.288458428
 1003    -0.077404972   0.00949264304     0.271148138
 1004    0.0962671781   -0.0190532692     0.239441875
 1005               0          -0.125     0.168104507
 1006    0.0422692999   -0.0223204749     0.256428211
 1007   -0.0478196963    0.0275445944     0.283415808
 1008   -0.0857360941     -0.04038096     0.242542443
 1009   -0.0198484304  0.000509560565     0.274674852
 1010   -0.0236030128     0.075565402      0.29741049
 1011    0.0487406732    -0.115105807     0.171701001
 1012    0.0266565438    0.0697925198     0.293787193
 1013    0.0214421156     -0.10254253     0.197080801
 1014    0.0711474308     0.102776666     0.289210502
 1015   -0.0911146208   -0.0855752644     0.206077197
 1016    -0.050386345    0.0834804638     0.298687622
 1017   -0.0273334805    0.0395226939     0.291363272
 1018    0.0764597652  -0.00935378812     0.256612645
 1019    0.0663523804    0.0512169135     0.283026611
 1020    -0.103220587   -0.0243535008     0.250806392
 1021    0.0107129222    0.0969495754     0.301775703
 1022    0.0276937951    0.0479383177      0.29136347
 1023   -0.0160940541   -0.0572056939     0.244662777
 1024    0.0881583931   -0.0672250134     0.212655303
 1025    0.0405227388   -0.0634020314     0.233401016
 1026    0.0678990461   -0.0619447663     0.227954622
 1027    -0.024616716      -0.1225521      0.18160676
 1028    0.0917061759   -0.0454259279     0.231384021
 1029   -0.0614197959    0.0186026992     0.284259966
 1030   -0.0391517975   -0.0286822836     0.264903191
 1031    -0.119155438    0.0377754114     0.275711363
 1032    -0.106742635   -0.0650462141     0.224215701
 1033   -0.0396200814    0.0152682115     0.286211067
 1034    0.0447026723    0.0425451489     0.289798082
 1035    0.0519288499   -0.0874567809     0.212530754
 1036   -0.0944171745    0.0819170138     0.294852882
 1037  -0.00505063411   -0.0381301023     0.261714898
 1038    0.0711544365    -0.102771816       0.1893158
 1039   -0.0484935061     0.115210155     0.306444262
 1040   -0.0658165907   -0.0350297998     0.260014012
 1041     0.024616716      -0.1225521      0.18160676
 1042   -0.0827667409    0.0283007544     0.286528597
 1043    0.0382603485    0.0938786843     0.303526375
 1044     -0.03066727   -0.0911507618     0.222786739
 1045     -0.11766703   -0.0421837652     0.241951123
 1046               0           0.125     0.310146917
 1047   -0.0306453283    0.0994509348     0.309609277
 1048    0.0111853502   -0.0580821026     0.250871271
 1049   -0.0147107633   -0.0207096015      0.27568177
 1050     0.093525584      0.05727173      0.28378789
 1051    0.0528287491    0.0142768281     0.283312234
 1052    0.0309588128   -0.0478683302     0.255635204
 1053    0.0116635855     -0.10363452     0.211883886
 1054    0.0316065506  -0.00373739579     0.281054221
 1055   -0.0738838608    0.0708097124     0.302779394
 1056    0.0911146208   -0.0855752644     0.206077197
 1057     0.116469141    0.0453865524     0.272350602
 1058    0.0484935061     0.115210155     0.306444262
 1059     0.123577314    0.0188055149     0.260094143
 1060   -0.0180232619   -0.0754060058     0.242110053
 1061    -0.104788738    0.0135615461     0.280187261
 1062   -0.0458065618    -0.116304595     0.201371421
 1063     -0.06988872    -0.074985397     0.238485088
 1064  -0.00147848728 -0.000251755947      0.28941217
 1065   -0.0398898818  -0.00184197246     0.288175774
 1066    -0.123577314   -0.0188055149     0.260094143
 1067    0.0467208706    0.0681042186     0.304211851
 1068    0.0649587105    0.0893250683     0.303983517
 1069   -0.0424822835   -0.0773488017     0.242980169
 1070               0          -0.125     0.195109012
 1071   -0.0166834618    -0.105229419     0.218626088
 1072  -0.00565531368    0.0445930039     0.307126794
 1073   -0.0593867244    0.0470391792     0.305237782
 1074    0.0944171745    0.0819170138     0.294852882
 1075     0.106742635   -0.0650462141     0.224215701
 1076    0.0867210519   0.00664629619      0.27710538
 1077   -0.0958572129   -0.0123696978     0.276619926
 1078    0.0335920294   -0.0966970842     0.224368631
 1079   -0.0583586535   -0.0610020415     0.256418176
 1080    0.0709592989   0.00375609135      0.28289122
 1081    0.0458065618    -0.116304595     0.201371421
 1082   -0.0845339273   -0.0359083233     0.268313349
 1083   -0.0688596705    -0.104323275     0.217950257
 1084   -0.0564967189   0.00260642921     0.294022064
 1085    0.0346600012    0.0261847455     0.301463921
 1086   -0.0575477374   -0.0240330172     0.282009923
 1087    0.0859396619   -0.0354823697     0.259558435
 1088    0.0171864925    0.0563005112     0.312549653
 1089    -0.124658835   0.00922902114     0.280379723
 1090    -0.111878326    0.0557515941     0.299581807
 1091     0.123455737   -0.0195877757     0.251835217
 1092    0.0278267603    0.0704415061     0.314489171
 1093     0.102319319   -0.0138376916     0.266226539
 1094     0.022558109   -0.0847837311     0.242978966
 1095    0.0568251709   -0.0443398947     0.265621722
 1096    -0.024616716       0.1225521     0.323316069
 1097    -0.024616716      -0.1225521     0.209308111
 1098  -0.00395844952   -0.0806888609     0.251047769
 1099   -0.0221270882    0.0196005108     0.306832039
 1100  -0.00594730193     0.101474282     0.323316069
 1101   -0.0318701801    0.0491187078     0.315702787
 1102    0.0100919591    -0.025574143     0.287448791
 1103    0.0556744689   -0.0867993859     0.237360477
 1104   -0.0549035247    0.0977564094     0.322361167
 1105   -0.0886012461   -0.0881749351      0.23639366
 1106     0.024616716       0.1225521     0.323316069
 1107     0.024616716      -0.1225521     0.209308111
 1108    0.0170747728   0.00445911147     0.301537776
 1109   -0.0724438532     0.101867012     0.320432257
 1110    -0.036801937    0.0759216856     0.321909803
 1111   -0.0496149904    0.0295575556     0.310425515
 1112    0.0348395508   -0.0350581343     0.280172678
 1113    0.0780152693   -0.0581985899     0.253782585
 1114   -0.0790648027   -0.0621840904     0.260712835
 1115   -0.0839587704   0.00351127264     0.295882184
 1116    0.0524063944   -0.0693951992     0.254047829
 1117    0.0688596705    -0.104323275     0.217950257
 1118    0.0710227711    0.0166525936     0.296296888
 1119   -0.0868859009    0.0472183942     0.310238988
 1120    0.0833176258    0.0365109146     0.299526859
 1121   -0.0780144464    0.0313632485     0.308702058
 1122   0.00702623982    -0.105763492     0.233957552
 1123     0.115315266   -0.0482430248     0.247166913
 1124    0.0956225222   -0.0639551865     0.245694392
 1125    0.0147047922   -0.0502064431     0.277355185
 1126  -0.00778422361   -0.0645232125     0.269571221
 1127   0.00990679751     0.028284222     0.314274853
 1128    0.0309717879   -0.0210268032      0.29241277
 1129    0.0739633204    0.0598058306     0.310731181
 1130    0.0555127375    0.0444005166     0.312098352
 1131    0.0617072594   -0.0202109249     0.286416149
 1132    0.0971212894      0.01476909      0.29020921
 1133   -0.0111156306    0.0653515293     0.325029795
 1134     -0.10499414   -0.0678323713     0.254114455
 1135    0.0802119861   -0.0200626305     0.282156538
 1136   -0.0413600752   -0.0592809588     0.275579229
 1137    0.0289863676     0.100779277     0.328068962
 1138   -0.0332199779   -0.0345856028     0.291332375
 1139    0.0724438532     0.101867012     0.320432257
 1140    -0.100964826    0.0239735068     0.306650374
 1141   -0.0102210021   -0.0442008313     0.288458428
 1142    0.0292371298   -0.0767704863     0.263196829
 1143    0.0445434643  0.000215239509      0.30448895
 1144   -0.0292764111   -0.0813090941      0.26364517
 1145    0.0886012461   -0.0881749351      0.23639366
 1146   -0.0436400356     -0.11713474     0.230330962
 1147               0          -0.125      0.22350721
 1148    -0.116469141   -0.0453865524     0.272350602
 1149    -0.121995822    0.0272400327     0.304254909
 1150   -0.0663523804   -0.0512169135     0.283026611
 1151     0.114895314    0.0492348142     0.300843388
 1152    0.0492877896      0.08728336     0.328298639
 1153               0           0.125     0.336485222
 1154     0.123044865    0.0220218349     0.290524585
 1155   -0.0608324375   -0.0866726246     0.260859872
 1156   -0.0494279086     0.114812377      0.33676408
 1157   -0.0600623824    0.0465367642     0.326858858
 1158    0.0167186796   -0.0787130531     0.269447319
 1159    0.0436400356     -0.11713474     0.230330962
 1160   -0.0750462929   -0.0155002989     0.303851062
 1161   -0.0423604813    -0.102807046      0.25134853
 1162    -0.110019125  -0.00577051272     0.299638678
 1163    0.0325968388     0.039923757     0.325717411
 1164    0.0807248844   -0.0430992563     0.280061715
 1165   -0.0514391876   -0.0223164282     0.305365325
 1166     0.124658835  -0.00922902114     0.280379723
 1167   -0.0330307003     0.096777225     0.339680859
 1168    0.0812869556    0.0726895312     0.322996822
 1169    0.0426221071    0.0573909476     0.329645389
 1170   -0.0155470048    0.0780361648     0.338452636
 1171    0.0350134708   -0.0997039728     0.253369969
 1172    0.0762605842    0.0463755419     0.320019866
 1173   -0.0662853902    -0.105977578     0.248335981
 1174   -0.0673468704    0.0792607908     0.335317436
 1175    -0.123044865   -0.0220218349     0.290524585
 1176    0.0373474818   -0.0679295947     0.278224512
 1177    0.0138364798    0.0861362971     0.339092767
 1178   -0.0422976008   0.00495622937      0.32062973
 1179    0.0494279086     0.114812377      0.33676408
 1180    0.0697201452    0.0908510601     0.330827514
 1181     0.103041806  -0.00881556248     0.293712993
 1182   -0.0159729186    -0.123975263     0.238122669
 1183   -0.0129417585    0.0387698353     0.333475367
 1184   0.00694292033     -0.10037803     0.260404524
 1185   -0.0169590348    -0.105224679     0.257681019
 1186    0.0159729186    -0.123975263     0.238122669
 1187    -0.093525584     -0.05727173      0.28378789
 1188     0.061902408     0.070758866     0.332305663
 1189   -0.0762040441     -0.03748704     0.299694097
 1190  0.000348963649    0.0041499616     0.324126151
 1191   -0.0933466558    0.0831348414     0.335262079
 1192    -0.014744927   -0.0215226044     0.314736198
 1193    0.0299406187    0.0121053352     0.325144008
 1194   -0.0980550289   -0.0292154694     0.300593163
 1195     0.119155438   -0.0377754114     0.275711363
 1196    0.0564708171   -0.0467461988     0.293466525
 1197    0.0670109233   -0.0673484378     0.277791615
 1198   -0.0573338985   -0.0483680398     0.299295222
 1199   -0.0392387816    0.0293123595     0.333996534
 1200    0.0662853902    -0.105977578     0.248335981
 1201    0.0615505442    0.0178173196      0.32256796
 1202   -0.0888322719   0.00332869781     0.319211517
 1203   -0.0648175077    0.0190965867     0.329240943
 1204   -0.0240441073     0.122665728     0.348962306
 1205   -0.0316297325    0.0575670443     0.342345173
 1206    0.0706187944  -0.00643674587     0.312043891
 1207   -0.0863635287   -0.0903678091     0.266653275
 1208  -0.00580946796     0.101506947     0.348962306
 1209  -0.00730713551   -0.0911841098     0.276332193
 1210    -0.124996886 -0.000882313655     0.308924528
 1211     0.026379236   -0.0149982881     0.319316569
 1212    0.0240441073     0.122665728     0.348962306
 1213     0.102058777   -0.0317633012     0.292240619
 1214   -0.0232800311   -0.0749337888      0.29003964
 1215     -0.11645367    0.0454262345     0.328128031
 1216    0.0507861414   -0.0261235367     0.311456499
 1217    0.0888099599    0.0140176918     0.317696003
 1218   -0.0757042883   -0.0766946517     0.283756601
 1219     0.106299097    -0.065768548     0.271058395
 1220     0.042398529    0.0993009947     0.347804583
 1221    0.0124031114    0.0592438681     0.346464196
 1222   -0.0907629809     0.039075627     0.336321503
 1223    0.0563992211   -0.0893022475     0.274073575
 1224   0.00400394092   -0.0391587047     0.314681094
 1225    0.0933466558    0.0831348414     0.335262079
 1226   -0.0406019651   -0.0360644073     0.316246362
 1227               0          -0.125     0.253292482
 1228   0.00414655744   -0.0746051894     0.294745133
 1229   -0.0727792015     0.101627692     0.350779215
 1230    0.0502975444      0.03953267     0.339462348
 1231    0.0773279303   -0.0328525549     0.305843777
 1232   -0.0506979755   -0.0857961174     0.286237075
 1233    0.0136361689    0.0273574639     0.341960261
 1234     0.112688789     0.054094703     0.325179577
 1235    0.0863635287   -0.0903678091     0.266653275
 1236    -0.065366663  -0.00883319084     0.328305611
 1237   -0.0252647814   -0.0985626323      0.28030032
 1238    -0.045426012    0.0707695549     0.353798986
 1239  -0.00559669018   -0.0553186604     0.312327968
 1240    0.0252647814   -0.0985626323      0.28030032
 1241    -0.114895314   -0.0492348142     0.300843388
 1242   -0.0467208706   -0.0681042186     0.304211851
 1243    0.0352967806   -0.0523080568     0.310843947
 1244     0.124996886  0.000882313655     0.308924528
 1245    0.0969134706    0.0304476139     0.330278347
 1246    0.0341444789    0.0434907245     0.349101234
 1247               0           0.125     0.361439389
 1248    0.0501674399   -0.0062442537     0.331095241
 1249     0.122049072    0.0270004463     0.320362583
 1250    0.0727792015     0.101627692     0.350779215
 1251    -0.106168262    0.0659795436     0.346717432
 1252   -0.0402150581   -0.0203405783     0.332333722
 1253     0.013438657     0.100808431     0.361332399
 1254   -0.0295430003    0.0930182316     0.361824228
 1255   -0.0769979301   -0.0630042885     0.305738765
 1256   -0.0890577043    0.0598789291     0.350669891
 1257    -0.024616716      -0.1225521     0.267854019
 1258   -0.0484462695     0.115230026     0.362645437
 1259   -0.0616895093   -0.0362181321     0.324087505
 1260 -0.000480773741    0.0786797955     0.361725475
 1261   -0.0733762999    0.0389384798     0.350362949
 1262    0.0590872666    0.0646492092     0.352854364
 1263    0.0176382139   -0.0329653274     0.328541179
 1264    -0.123870652    0.0167648915     0.332799881
 1265     0.024616716      -0.1225521     0.267854019
 1266   -0.0185745244    0.0375250906     0.355955652
 1267   -0.0548455377    0.0916281153     0.362907356
 1268    0.0793125789   -0.0604560339     0.301924848
 1269   -0.0616761949    0.0223293271     0.349384273
 1270   0.00978688474   -0.0230069155     0.334993349
 1271    0.0804860489    0.0278464758     0.340515427
 1272     0.121995822   -0.0272400327     0.304254909
 1273    0.0271496656    0.0772202873     0.361845041
 1274   -0.0459686077    -0.116240643     0.276765703
 1275    -0.113211137    -0.010396808      0.32831559
 1276   -0.0236662065   -0.0435497909     0.327489092
 1277   -0.0944171745   -0.0819170138     0.294852882
 1278    0.0824064564    0.0570132057     0.348319808
 1279    0.0484462695     0.115230026     0.362645437
 1280   -0.0810413929    0.0113639932     0.345611066
 1281    0.0544566613   -0.0710363983     0.305716788
 1282    0.0772757259    0.0756212214     0.354159099
 1283    0.0943350102   -0.0152504748     0.323922788
 1284    -0.122049072   -0.0270004463     0.320362583
 1285    0.0510802935   -0.0927773182      0.29268692
 1286   -0.0182987956  -0.00538653571     0.347606876
 1287   -0.0711474308    -0.102776666     0.289210502
 1288  -0.00988926803   -0.0278955944     0.339146047
 1289    0.0459686077    -0.116240643     0.276765703
 1290   -0.0445468175    0.0453081252     0.362225864
 1291    -0.030400552    0.0200276195     0.356798715
 1292    0.0264480655  -0.00630671055     0.345881595
 1293     0.111878326   -0.0557515941     0.299581807
 1294    0.0762967612  0.000279583428     0.338575014
 1295   -0.0650246432    0.0658065466     0.364835779
 1296   -0.0227479977    0.0626185207     0.367857731
 1297    0.0596782832    0.0141614808     0.348351077
 1298   -0.0038370987   -0.0763820025     0.314491174
 1299    0.0613493331   -0.0502706022     0.320761718
 1300   -0.0227013141     0.122921318     0.373233426
 1301   -0.0969134706   -0.0304476139     0.330278347
 1302   -0.0107129222   -0.0969495754     0.301775703
 1303   -0.0055316459     0.102077837     0.373233426
 1304   -0.0382603485   -0.0938786843     0.303526375
 1305    0.0698381196   -0.0260849304     0.331908137
 1306    -0.107260285   0.00955351595     0.344765167
 1307   -0.0649587105   -0.0893250683     0.303983517
 1308   -0.0473999613  -0.00158194338     0.351769239
 1309   -0.0491946629   -0.0648283732     0.322257455
 1310   -0.0221581015   -0.0348748242     0.339715101
 1311    0.0284272351   -0.0799776951     0.311618224
 1312    0.0227013141     0.122921318     0.373233426
 1313     -0.11861667     0.039434574     0.351316643
 1314   -0.0243189699    -0.075532346     0.318895171
 1315    0.0944171745   -0.0819170138     0.294852882
 1316  -0.00104560311  -0.00510646861      0.35360357
 1317               0          -0.125     0.282415556
 1318    0.0432423395   -0.0325317347     0.337596027
 1319   0.00294687755   -0.0490126238      0.33513361
 1320    0.0711474308    -0.102776666     0.289210502
 1321   -0.0923993998    0.0841864058     0.368376458
 1322    0.0114901126    0.0402927672      0.36807488
 1323    -0.124917944  -0.00452848582     0.339201317
 1324   -0.0916883239   -0.0138119238     0.345458149
 1325   -0.0785059335   -0.0537309516     0.329714818
 1326    0.0373958969    0.0994023927     0.375197068
 1327     0.120602309    0.0328646182     0.343607849
 1328   -0.0433518102    0.0834390037     0.377919453
 1329     0.110120542    0.0591478341     0.354927631
 1330   -0.0744991518   -0.0790634293     0.319002154
 1331    -0.112688789    -0.054094703     0.325179577
 1332    0.0888557445   -0.0489732618     0.325553703
 1333   -0.0611152086   -0.0258755156     0.350048039
 1334   -0.0384649288   -0.0506611645     0.340657012
 1335    0.0690588332     0.037363911     0.364181564
 1336    0.0298919702   -0.0993968034     0.308892929
 1337   -0.0336586371     0.104232473     0.383238682
 1338   -0.0963039061    0.0278587934     0.363229766
 1339  -0.00640708334    0.0106747007     0.367665419
 1340   -0.0703344384     0.103334732     0.380994708
 1341               0           0.125     0.385027463
 1342    -0.024616716      -0.1225521     0.296281236
 1343    0.0613835991    0.0841461233     0.375576961
 1344    0.0923993998    0.0841864058     0.368376458
 1345     0.124917944   0.00452848582     0.339201317
 1346   -0.0159117452    0.0834181589     0.384386451
 1347     0.101590267  -0.00720398704     0.344764149
 1348     0.123870652   -0.0167648915     0.332799881
 1349     0.024616716      -0.1225521     0.296281236
 1350    0.0137335782    0.0886229681     0.385658034
 1351    0.0367128475    0.0388681263     0.375335401
 1352    0.0332515682   -0.0481394927     0.344892843
 1353   -0.0347394569   -0.0253412364     0.359282934
 1354    0.0351825753   0.00315954401     0.366811477
 1355    -0.074399428 -0.000471472317     0.365040305
 1356   -0.0484935061    -0.115210155     0.306444262
 1357    0.0465604917   -0.0712491121     0.331827032
 1358    0.0817494851    0.0636496909     0.372779805
 1359   -0.0176745483    0.0383218364     0.380641396
 1360    -0.086262775    0.0524652871     0.377172735
 1361 -0.000729303361    0.0601470352     0.384735279
 1362   -0.0404378427    -0.084559778     0.329164948
 1363    0.0703344384     0.103334732     0.380994708
 1364    0.0733663837   -0.0751577819     0.324941152
 1365    -0.120602309   -0.0328646182     0.343607849
 1366     0.066689793   -0.0313861704     0.350325625
 1367   -0.0599971604     0.043953753     0.381521919
 1368      0.11645367   -0.0454262345     0.328128031
 1369   -0.0540544685    0.0130612794     0.374628249
 1370     0.080801734    0.0120075383     0.363543177
 1371   -0.0119744229   -0.0518908613     0.351362553
 1372    0.0503026609   -0.0959088877     0.318862807
 1373    -0.124371332    0.0125208524     0.361564942
 1374    0.0126173812    -0.077883161       0.3367658
 1375    0.0063592105   -0.0398431482     0.357373477
 1376    0.0910400777     0.045618417     0.370821191
 1377    0.0484935061    -0.115210155     0.306444262
 1378    0.0608070091  -0.00752338913     0.363577134
 1379   -0.0973936305  -0.00102594184     0.365128705
 1380   0.00594730193    -0.101474282     0.323316069
 1381    -0.030503029  -0.00197891836     0.374030974
 1382    0.0089565737    0.0234338107     0.381114076
 1383    0.0371113977    0.0599536059     0.386272556
 1384   -0.0724438532    -0.101867012     0.320432257
 1385   -0.0213858855     0.123156989     0.396151461
 1386  -0.00532254794     0.103428312     0.396151461
 1387    -0.061249443   -0.0696652641     0.344299129
 1388    0.0213858855     0.123156989     0.396151461
 1389   -0.0389111037   -0.0664179975     0.348791993
 1390               0          -0.125     0.310146917
 1391   -0.0733215088   -0.0507886288     0.353452724
 1392   -0.0138364798   -0.0861362971     0.339092767
 1393   -0.0286376235    -0.101570338     0.329160226
 1394   -0.0101761582   -0.0210464305     0.371910205
 1395   -0.0415854468     0.117879814     0.398374222
 1396    0.0870248651   -0.0115407405     0.361182283
 1397    -0.080914602    0.0254163403     0.381754815
 1398    0.0584704452    0.0575218757     0.386984912
 1399   -0.0688433896    0.0681210239     0.392427611
 1400    0.0572513996    0.0161419758     0.378018574
 1401   -0.0265550983    0.0603296055      0.39540541
 1402    0.0390450698   -0.0244967383     0.368001171
 1403    0.0667569166   -0.0589889957     0.346761651
 1404     -0.10784647    0.0631992007     0.386174003
 1405   -0.0933466558   -0.0831348414     0.335262079
 1406   -0.0552880343   -0.0148585161       0.3750664
 1407    0.0724438532    -0.101867012     0.320432257
 1408    0.0415845484     0.117880131     0.398374109
 1409   -0.0476174023    0.0908624792     0.400285908
 1410     0.117243249    0.0433476702     0.372141486
 1411   -0.0336008584    0.0232921162     0.390697768
 1412     0.102338421    0.0203510991     0.371990892
 1413   -0.0423132761   -0.0861320259     0.344699366
 1414    -0.022276043     0.100691141     0.403976647
 1415    -0.120158813     0.034450829     0.381393257
 1416    -0.024616716      -0.1225521     0.323316069
 1417     0.030068828   -0.0998885594     0.336458013
 1418    -0.124128113   -0.0147380989     0.367369545
 1419   -0.0902674265    0.0864684435     0.398838808
 1420    0.0918081232    -0.041183851     0.356502558
 1421               0           0.125     0.407275458
 1422   -0.0824787989   -0.0287487524     0.372177447
 1423     0.124128113    0.0147380989     0.367369545
 1424    -0.053361843   -0.0424682482      0.37116238
 1425     0.045426012   -0.0707695549     0.353798986
 1426     0.024616716      -0.1225521     0.323316069
 1427    0.0121297591     0.103494576     0.407159888
 1428    0.0933466558   -0.0831348414     0.335262079
 1429     0.022972559    0.0396089315     0.398887246
 1430   -0.0999884317   0.00874447806     0.384155991
 1431    0.0331383224    0.0149329584     0.392070047
 1432      0.10784647    0.0631992007     0.386174003
 1433    -0.110120542   -0.0591478341     0.354927631
 1434      0.11861667    -0.039434574     0.351316643
 1435    0.0517844698   -0.0479550433     0.367020625
 1436 -0.000224083548    0.0811223224     0.408410594
 1437    0.0205902135  -0.00951608654     0.387001378
 1438     0.124371332   -0.0125208524     0.361564942
 1439    0.0462831768    0.0408431564     0.398076496
 1440    0.0526871535    0.0789470153     0.403335911
 1441    -0.105380842   -0.0209389387     0.375629421
 1442     0.106168262   -0.0659795436     0.346717432
 1443    -0.103698596    0.0348995374     0.394877631
 1444   -0.0494279086    -0.114812377      0.33676408
 1445    0.0227479977   -0.0626185207     0.367857731
 1446    0.0902674265    0.0864684435     0.398838808
 1447   -0.0910400777    -0.045618417     0.370821191
 1448    0.0631065282    -0.086659991     0.348258172
 1449     0.083562635    0.0502592047      0.39579861
 1450   0.00348605142   -0.0352865014     0.382543548
 1451   -0.0599320568    0.0230394484     0.400063594
 1452  0.000480773741   -0.0786797955     0.361725475
 1453   -0.0783775058    0.0438868068     0.402579059
 1454 -0.000124667494    0.0520226035     0.408552371
 1455    -0.042700916    -0.100097446     0.348546625
 1456   -0.0810093796  -0.00449476592     0.389565756
 1457   -0.0369256439   -0.0466274685     0.378273302
 1458    0.0484558473  -0.00816875396     0.388642017
 1459    -0.032953744   -0.0265371868     0.387151011
 1460    0.0766398509    0.0285115934     0.393900296
 1461   -0.0121855513   -0.0572887622      0.37434242
 1462    0.0795031002   -0.0437979584     0.368424623
 1463   0.00580946796    -0.101506947     0.348962306
 1464   -0.0512883718    0.0485024425     0.407688943
 1465  -0.00591956863      0.10566153     0.416666111
 1466   -0.0143491648  -0.00770047221     0.396111864
 1467    0.0666569116     0.057694681      0.40370981
 1468   -0.0458303803 -0.000934633095     0.397381131
 1469   -0.0219462824   -0.0829044504     0.362885851
 1470   -0.0201046128     0.123372625      0.41774583
 1471    0.0494279086    -0.114812377      0.33676408
 1472   -0.0774455385    0.0724252795     0.410666696
 1473    0.0661422295   -0.0285104667     0.381249699
 1474               0          -0.125     0.336485222
 1475    0.0201046128     0.123372625      0.41774583
 1476   -0.0560148405   -0.0826380768      0.36280101
 1477    -0.117243249   -0.0433476702     0.372141486
 1478   -0.0727792015    -0.101627692     0.350779215
 1479    0.0950907525   -0.0248814219     0.377790196
 1480     0.103272299    0.0369488419     0.394454047
 1481    0.0177780437    0.0802784129     0.417801402
 1482    0.0264399352     0.058193931     0.414606033
 1483     0.100647206   -0.0016124507     0.385675024
 1484    0.0354914415     0.101528673     0.418894712
 1485   0.00491057299  -0.00846519741     0.400863798
 1486    -0.124950113   0.00353116808      0.39049487
 1487   -0.0670243547     0.105511781     0.419400016
 1488     0.107168981   -0.0470871075      0.36663519
 1489    0.0803462896  -0.00974502748     0.390140041
 1490   -0.0148191179   0.00996358232     0.408103028
 1491    0.0295430003   -0.0930182316     0.361824228
 1492    0.0922688068    -0.070067332     0.361513944
 1493   -0.0407587388     0.105074194     0.423384944
 1494    0.0121782341    0.0167439902     0.410403194
 1495    -0.013438657    -0.100808431     0.361332399
 1496    0.0651037741   -0.0741073817      0.36785906
 1497    0.0727792015    -0.101627692     0.350779215
 1498    0.0572991514    0.0121378155     0.405647639
 1499   -0.0240441073    -0.122665728     0.348962306
 1500   -0.0861486096    0.0176076993     0.408077216
 1501    0.0462706532    0.0559177381     0.417854471
 1502    0.0670185064     0.105515496     0.419399229
 1503               0           0.125     0.428216201
 1504   -0.0658141036   -0.0467274803     0.389959138
 1505    0.0519002051   -0.0963700475     0.361261595
 1506    0.0240441073    -0.122665728     0.348962306
 1507    0.0346370315    0.0320128534      0.41613647
 1508    0.0427338327   -0.0372290584     0.393612206
 1509    0.0114893838     0.104853867     0.428097574
 1510   -0.0980207756    -0.011513755     0.399620724
 1511   -0.0923993998   -0.0841864058     0.368376458
 1512    -0.106253817    0.0658416767     0.416651702
 1513    0.0980207756     0.011513755     0.399620724
 1514     0.044522406    0.0755480074     0.424132662
 1515   -0.0510347997   -0.0697043347     0.384028269
 1516     0.122621228    0.0242700294     0.396247754
 1517   -0.0346167194    0.0425410725     0.423440779
 1518   -0.0176564857    -0.042077783     0.398974896
 1519   -0.0177882266    0.0858855839     0.430598504
 1520   -0.0410297049    0.0156662578     0.419213914
 1521   -0.0789605844   -0.0703881555     0.382988894
 1522   -0.0603444861   -0.0232249681     0.405929248
 1523   -0.0165016561    0.0604134997     0.429460026
 1524   -0.0244489772    -0.066548032      0.39012357
 1525     0.124950113  -0.00353116808      0.39049487
 1526    -0.103272299   -0.0369488419     0.394454047
 1527   -0.0772972909   -0.0307564879     0.401868162
 1528     0.120158813    -0.034450829     0.381393257
 1529   -0.0484462695    -0.115230026     0.362645437
 1530    0.0170322258    0.0387842476     0.426184811
 1531    -0.122621228   -0.0242700294     0.396247754
 1532  3.85480424e-05   -0.0571601572     0.396658987
 1533    0.0623649357    0.0354935031     0.420121937
 1534   -0.0880700927    0.0887054608     0.429316899
 1535    0.0923993998   -0.0841864058     0.368376458
 1536    0.0055316459    -0.102077837     0.373233426
 1537   -0.0373958969   -0.0994023927     0.375197068
 1538    0.0681503099   -0.0517749695     0.391386796
 1539   -0.0650981888   0.00179738226     0.417461743
 1540    0.0159117452   -0.0834181589     0.384386451
 1541   -0.0677070645    0.0862161829      0.43327191
 1542   -0.0188631138     0.123568535     0.438052205
 1543   -0.0979019051    0.0388462662     0.421934435
 1544     0.106241351    0.0658617891     0.416684817
 1545    0.0885043714   -0.0374202143     0.393925023
 1546   0.00504718509    0.0627440266     0.433796655
 1547     -0.10784647   -0.0631992007     0.386174003
 1548   -0.0448828453    0.0942649999      0.43685259
 1549   -0.0397381615    0.0653704633     0.434327816
 1550   -0.0391456549     0.118712332     0.438448673
 1551     -0.12301865    0.0221678109     0.413654499
 1552               0          -0.125     0.361439389
 1553    0.0484462695    -0.115230026     0.362645437
 1554    0.0188631138     0.123568535     0.438052205
 1555    0.0314958009 -0.000728681492     0.418906578
 1556     0.039767345   -0.0811450236     0.384862115
 1557   -0.0604782092    0.0593299853     0.432783158
 1558  -0.00415037329     0.108858178     0.439527605
 1559   -0.0137335782   -0.0886229681     0.385658034
 1560     0.024669077    -0.046596789     0.404098236
 1561   0.00591057475   -0.0350973179     0.410419705
 1562    0.0847505689   -0.0687947065     0.383727404
 1563  -0.00602180138    0.0249261945     0.430019233
 1564      0.09062252    0.0305834052     0.418183714
 1565   -0.0234966044      0.10251035     0.441266966
 1566    0.0391456549     0.118712332     0.438448673
 1567   -0.0429134635   -0.0528150716     0.404780984
 1568    0.0719927587    0.0677903374     0.430020958
 1569      0.10495989   -0.0316383054     0.396486889
 1570    0.0951317659   -0.0182205306     0.404440324
 1571    0.0880402296       0.0887351      0.42931218
 1572   -0.0854235921     0.020027436     0.425734835
 1573    -0.105447293   0.00183655702     0.417784614
 1574   -0.0411949967   -0.0116965852     0.422679109
 1575    0.0657716379   -0.0326729938     0.408762495
 1576   0.00105360438  -0.00192707173     0.427714787
 1577   -0.0894404702   -0.0539574186     0.403025567
 1578    0.0278215477    0.0882045183     0.442981715
 1579      0.10784647   -0.0631992007     0.386174003
 1580   -0.0575369695    0.0316350513     0.435141143
 1581   -0.0703344384    -0.103334732     0.380994708
 1582   -0.0879063244    0.0549306603     0.435748106
 1583    0.0201186578   -0.0287777752     0.418680071
 1584   -0.0227013141    -0.122921318     0.373233426
 1585               0           0.125     0.447888208
 1586    0.0312449296    0.0576590237     0.441014846
 1587    0.0336586371    -0.104232473     0.383238682
 1588    0.0108582956     0.106161146     0.447767628
 1589    0.0227013141    -0.122921318     0.373233426
 1590    -0.091269523   -0.0127355986     0.421436837
 1591    0.0202630986   -0.0735735432      0.40226998
 1592     0.018925602    0.0170753659      0.43614547
 1593 -0.000246394425    0.0837029366     0.449110429
 1594   -0.0164348044    -0.018028506     0.428365908
 1595   -0.0357996522   -0.0370048736     0.421572627
 1596    0.0703344384    -0.103334732     0.380994708
 1597    -0.124875508   -0.0055774181     0.419418726
 1598   -0.0622095301   -0.0929308243     0.394832804
 1599   -0.0243083057   0.00510275833     0.437124405
 1600    -0.065942199   -0.0683707436     0.407640332
 1601   -0.0288801685    0.0772590414     0.451564126
 1602    0.0378263647    0.0366895667     0.442451133
 1603    0.0661315943   -0.0811836513     0.397316656
 1604    0.0475242546   -0.0175521823     0.428151152
 1605     0.120335904    0.0338270631      0.42516834
 1606    -0.112478182    0.0235703758     0.433909715
 1607   -0.0322365538    0.0241494157      0.44435172
 1608  -0.00894230464   -0.0445087237     0.423476183
 1609    0.0460312687     0.010617255     0.437196603
 1610    0.0749318172    0.0312255961     0.437197315
 1611    0.0506149757     0.084346499     0.449802422
 1612   -0.0407645305   -0.0804430369     0.407663313
 1613   -0.0902674265   -0.0864684435     0.398838808
 1614   -0.0560337132    0.0740099222     0.452539899
 1615   -0.0178240893   -0.0624707233     0.417299892
 1616   -0.0176658892     0.123745369     0.457111408
 1617   0.00532254794    -0.103428312     0.396151461
 1618  0.000224083548   -0.0811223224     0.408410594
 1619   -0.0421564669      0.04520063      0.44994282
 1620  -0.00465636055     0.107230766     0.457111408
 1621     0.124875508    0.0055774181     0.419418726
 1622    0.0176658892     0.123745369     0.457111408
 1623               0          -0.125     0.385027463
 1624   -0.0525864255   0.00509323577      0.44236339
 1625   -0.0944809218   -0.0390430844     0.422596528
 1626    0.0939222104   0.00180816635     0.429199238
 1627    0.0711847666   -0.0146567501     0.429504084
 1628    0.0522527415   -0.0638703041     0.414195987
 1629    0.0439270132   -0.0418163892     0.424934075
 1630      0.12301865   -0.0221678109     0.413654499
 1631    0.0104450977    0.0433478295     0.452955788
 1632   -0.0124822107    0.0414040858     0.453434599
 1633    0.0132950586    0.0699888375     0.457732478
 1634   -0.0758282546    0.0727758554     0.455211106
 1635   0.00940883089   -0.0603868033     0.422879311
 1636    0.0608997204    0.0520895166     0.449834619
 1637   -0.0628146134     0.108070923     0.460188325
 1638    0.0801294802   -0.0625762243     0.412711863
 1639    0.0902674265   -0.0864684435     0.398838808
 1640    0.0977920863   -0.0404805296     0.418302248
 1641   -0.0137102168    0.0607140432     0.459767509
 1642    0.0439792223   -0.0838318085     0.410695283
 1643   -0.0709717971    0.0473669423     0.455095596
 1644   -0.0679309398    -0.057130217     0.425080211
 1645    -0.120335904   -0.0338270631      0.42516834
 1646   -0.0400707583   -0.0159715192     0.443142879
 1647   -0.0501640945    0.0928063356     0.464096657
 1648   -0.0121297591    -0.103494576     0.407159888
 1649    0.0231773666    -0.102981202     0.405792395
 1650    -0.106241351   -0.0658617891     0.416684817
 1651               0           0.125     0.466334608
 1652   -0.0415845484    -0.117880131     0.398374109
 1653   -0.0213858855    -0.123156989     0.396151461
 1654    0.0628146134     0.108070923     0.460188325
 1655  -0.00177042586   0.00981133091     0.452903323
 1656   -0.0749318172   -0.0312255961     0.437197315
 1657    0.0760988053    0.0689140479     0.455124698
 1658   -0.0977138439   0.00274865336     0.444604006
 1659     0.032150569  -0.00596353934     0.447029308
 1660    0.0309737016     0.102234233     0.465278278
 1661    0.0213858855    -0.123156989     0.396151461
 1662   -0.0739728674   -0.0104224919     0.445170059
 1663   -0.0463222887   -0.0443999947     0.436288781
 1664    0.0705514725   0.00454947034     0.445166792
 1665   -0.0189429043    0.0962883224     0.468668307
 1666    0.0415854468    -0.117879814     0.398374222
 1667   -0.0949061404    0.0330995153     0.454248465
 1668   -0.0764421125    0.0136938645     0.452939663
 1669    0.0870004819    0.0532221207     0.453133132
 1670   0.00332792678     -0.03008102     0.444031654
 1671    0.0595668347    0.0264062314     0.454354338
 1672    0.0201658049   -0.0507962495     0.435784054
 1673   -0.0472386431    0.0308812721     0.461053497
 1674    0.0978463308    0.0238830209     0.446934186
 1675   -0.0436790526    0.0674326625      0.46790417
 1676    0.0843542855   -0.0364157988     0.433525943
 1677    -0.108070923    0.0628146134     0.460188325
 1678     0.106253817   -0.0658416767     0.416651702
 1679    0.0411262165   -0.0676131974     0.429820162
 1680    0.0292302019   -0.0291246814     0.447081402
 1681   -0.0233301142   -0.0380914913     0.446564168
 1682    0.0322416299    0.0161557585      0.46070431
 1683   -0.0153489738   -0.0129586057     0.455831632
 1684   -0.0354914415    -0.101528673     0.418894712
 1685     -0.08817862    0.0885975788     0.469523812
 1686   -0.0396552734     0.118543069     0.475966998
 1687    0.0420727018    0.0669807464     0.470074678
 1688   -0.0310313885    0.0517844577     0.471576676
 1689               0          -0.125     0.407275458
 1690   0.00463440367     0.107240023     0.477204156
 1691   -0.0274424346    0.0295720261     0.468519019
 1692     0.065560294   -0.0566654394     0.435106174
 1693    0.0587979238    -0.027547752     0.447413738
 1694  -0.00293185785    0.0789799894     0.476036547
 1695    -0.120549179    0.0330589682     0.458280617
 1696    0.0439966328    0.0928898126     0.473903065
 1697    0.0396552734     0.118543069     0.475966998
 1698   -0.0182041083    0.0122100033     0.466295593
 1699    0.0824797756  -0.00589820149     0.450973764
 1700    0.0176336198    0.0886501931     0.477178243
 1701   0.00766358332    -0.100410709     0.423320141
 1702    0.0435550763    0.0389429635     0.468687507
 1703    0.0409696485    -0.109982711     0.415570364
 1704   -0.0471348887   -0.0710451728     0.437912295
 1705    0.0699577512   0.00980221498      0.45871352
 1706    0.0565415734   -0.0139585996     0.454577939
 1707     0.108070923    0.0628146134     0.460188325
 1708   -0.0670185064    -0.105515496     0.419399229
 1709    0.0677791022   -0.0844279118     0.425006003
 1710    0.0509472638     0.001891514     0.460438238
 1711   -0.0175809592     0.123757464      0.48167572
 1712    -0.054024821    0.0930051224     0.479522712
 1713    0.0262893783   -0.0937561169     0.428247998
 1714    -0.099121121   -0.0227006001     0.452007798
 1715    0.0885027358    0.0882738113     0.469523138
 1716    0.0175809592     0.123757464      0.48167572
 1717   -0.0568553672   -0.0255557553     0.457382048
 1718   -0.0326822849    0.0782091194     0.480874815
 1719    0.0775462547    0.0417618203     0.467241137
 1720               0           0.125     0.483602139
 1721   -0.0702185139    0.0817313225      0.47907531
 1722          -0.125  1.07462835e-05     0.455128419
 1723    -0.051953924    0.0750946557     0.480623182
 1724   -0.0880402296      -0.0887351      0.42931218
 1725   -0.0824860218    0.0586986828     0.475767911
 1726   -0.0608997204   -0.0520895166     0.449834619
 1727   -0.0552466452     0.112128534     0.483444547
 1728   -0.0289733535   -0.0637076375     0.447244723
 1729    0.0670243547    -0.105511781     0.419400016
 1730   -0.0114893838    -0.104853867     0.428097574
 1731   -0.0201046128    -0.123372625      0.41774583
 1732    0.0474955809   -0.0921825299     0.430058742
 1733  -0.00274019612   -0.0565278511     0.450733433
 1734    0.0620439178    0.0792581531     0.477585282
 1735    0.0654532544  -0.00143999139       0.4625115
 1736  -0.00496572888    0.0388079834     0.478669886
 1737   -0.0467917976    0.0532777448     0.480353195
 1738    0.0154190121   -0.0160505103     0.464963297
 1739   -0.0879494112   -0.0547667699     0.447113566
 1740    0.0201046128    -0.123372625      0.41774583
 1741    0.0910169271   -0.0589917439     0.438245561
 1742    0.0624089357    0.0558388501     0.475714284
 1743   -0.0694243457     0.103948354     0.483727357
 1744    0.0926047549    0.0517419604     0.469565355
 1745    0.0434676713   -0.0506032949      0.45123195
 1746    0.0621947412    0.0224484583     0.470784972
 1747   -0.0962364182    0.0449454498     0.475036723
 1748   0.00974674871    0.0585660729     0.483436697
 1749     0.101290372    0.0419108004     0.467349451
 1750    0.0552466452     0.112128534     0.483444547
 1751    -0.055530164   -0.0952716076     0.436075894
 1752    0.0925829435   -0.0278556745     0.453200254
 1753    0.0880700927   -0.0887054608     0.429316899
 1754   -0.0278215477   -0.0882045183     0.442981715
 1755    0.0200992804    0.0368553087     0.482214499
 1756   -0.0754713611      0.02552928     0.477827096
 1757   -0.0233620718    0.0580453233     0.486954192
 1758    0.0694243457     0.103948354     0.483727357
 1759     0.081665654     0.011052997     0.468739772
 1760           0.125 -1.07462835e-05     0.455128419
 1761    0.0032801109    0.0152360423     0.479925216
 1762    -0.036986611   -0.0431859784     0.462824506
 1763   -0.0803276021   -0.0384917934     0.461214816
 1764    0.0464671398   0.00823957028     0.475277539
 1765    -0.092907806    0.0836249938     0.485651858
 1766   -0.0833392788    0.0931641809     0.487780605
 1767    0.0189670394   -0.0436877152     0.462781382
 1768   -0.0381231264  -0.00696240522     0.475462128
 1769    -0.102062677    0.0721679294     0.483458061
 1770    -0.104322969    0.0244842715     0.475774808
 1771     0.121790129     0.028145417     0.464581405
 1772  0.000246394425   -0.0837029366     0.449110429
 1773    0.0790737374     0.064592423     0.482411884
 1774               0          -0.125     0.428216201
 1775   -0.0105538538   -0.0105831762     0.477178243
 1776  -0.00713248726   -0.0360588595     0.469252386
 1777    0.0458930741    -0.024367307     0.469937847
 1778    0.0836249938     0.092907806     0.485651858
 1779    -0.101617289   0.00356110585     0.474851835
 1780   -0.0727098587  -0.00476565593     0.477178243
 1781    0.0283086952    -0.077884756       0.4524713
 1782   0.00415037329    -0.108858178     0.439527605
 1783   -0.0765046662    0.0802723007     0.492623607
 1784   -0.0466479174     0.013895149     0.485204044
 1785    -0.111394441    0.0567122436      0.48538437
 1786    0.0560337132   -0.0740099222     0.452539899
 1787   -0.0830455542   -0.0725723031     0.454528428
 1788    -0.016315774     0.123930608             0.5
 1789    0.0292693486  -0.00834614923     0.480113513
 1790    -0.121790129    -0.028145417     0.464581405
 1791               0           0.125             0.5
 1792   -0.0323523807     0.120740728             0.5
 1793  -0.00708177772     0.108046952             0.5
 1794    0.0736487784   -0.0699837866     0.452685334
 1795   -0.0553251125   -0.0793519987     0.455876351
 1796    -0.118386251    0.0401210102     0.483006168
 1797      0.10214051    0.0720577283     0.483812717
 1798   -0.0478354291     0.115484942             0.5
 1799     0.016315774     0.123930608             0.5
 1800   -0.0377446387    0.0990938935             0.5
 1801    -0.101581878   -0.0434530644     0.464663058
 1802    0.0931462747    0.0833592917     0.487780471
 1803   -0.0391456549    -0.118712332     0.438448673
 1804    0.0210212675     0.105681048             0.5
 1805   -0.0160773582    0.0808262637             0.5
 1806   0.00538985391    0.0822332796             0.5
 1807    0.0204648997    -0.104957275     0.445564258
 1808         -0.0625     0.108253175             0.5
 1809    0.0323523807     0.120740728             0.5
 1810    0.0791953925    0.0790929886     0.491321024
 1811   -0.0364488947    0.0739110385             0.5
 1812   -0.0188631138    -0.123568535     0.438052205
 1813    0.0958419019    0.0245889533     0.480454711
 1814     0.120549179   -0.0330589682     0.458280617
 1815   -0.0108582956    -0.106161146     0.447767628
 1816   -0.0619166234    0.0863941744             0.5
 1817     0.026489738    0.0780362517             0.5
 1818    0.0633779542    0.0107690878     0.484729445
 1819   -0.0760951786    0.0991691675             0.5
 1820    0.0478354291     0.115484942             0.5
 1821    0.0391456549    -0.118712332     0.438448673
 1822    0.0896932243    0.0410994007     0.486060965
 1823    0.0188631138    -0.123568535     0.438052205
 1824    0.0478904825    0.0971122917             0.5
 1825  -0.00360951494    0.0550700585             0.5
 1826    -0.108070923   -0.0628146134     0.460188325
 1827   -0.0543365074    0.0619589119             0.5
 1828     0.101617289  -0.00356110585     0.474851835
 1829    -0.122281898    0.0259256136     0.484576854
 1830     0.111394441    0.0567122436      0.48538437
 1831   -0.0883883476    0.0883883476             0.5
 1832          0.0625     0.108253175             0.5
 1833   -0.0605857568   -0.0404821084     0.477178243
 1834    0.0457843902    0.0685211823             0.5
 1835   -0.0810118385    0.0710454756             0.5
 1836    -0.124738903   0.00807503178     0.481597483
 1837   -0.0414926956    0.0363881174             0.5
 1838    -0.103890775   -0.0265642837      0.47762023
 1839     0.118386251    0.0401210102     0.483006168
 1840  -0.00131401881    0.0326981092             0.5
 1841    0.0653514127   -0.0322277503     0.477178243
 1842   -0.0685211823    0.0457843902             0.5
 1843   -0.0278606007   -0.0312852155     0.484603888
 1844   -0.0991691675    0.0760951786             0.5
 1845    0.0760951786    0.0991691675             0.5
 1846    0.0710454756    0.0810118385             0.5
 1847    0.0363881174    0.0414926956             0.5
 1848     0.057635039  -0.00777866285     0.486795478
 1849    0.0436039066   -0.0149279703     0.487248968
 1850   -0.0247593784     0.021136198             0.5
 1851    -0.124603877  -0.00994353708     0.480619423
 1852    0.0619589119    0.0543365074             0.5
 1853    -0.092801872   -0.0573530418     0.471592163
 1854     0.108070923   -0.0628146134     0.460188325
 1855    -0.108253175          0.0625             0.5
 1856    0.0883883476    0.0883883476             0.5
 1857   -0.0971122917    0.0478904825             0.5
 1858   0.00465636055    -0.107230766     0.457111408
 1859               0          -0.125     0.447888208
 1860     0.104322969   -0.0244842715     0.475774808
 1861   -0.0780362517     0.026489738             0.5
 1862    0.0222760977    0.0148844127             0.5
 1863    0.0142705777   -0.0330190898     0.487863806
 1864     0.124603877   0.00994353708     0.480619423
 1865    0.0863941743    0.0619166192             0.5
 1866     0.122406585    0.0253303753     0.485641399
 1867  -0.00106544057   0.00313868446             0.5
 1868    0.0404821094   -0.0605857591     0.477178243
 1869   -0.0379714867   -0.0696327619     0.476645154
 1870   -0.0910099549   -0.0432193128     0.481597293
 1871    -0.115484942    0.0478354291             0.5
 1872    0.0991691675    0.0760951786             0.5
 1873    0.0739110362    0.0364488894             0.5
 1874    0.0522593818    0.0177396698             0.5
 1875     0.107799383    0.0148626987     0.488970433
 1876    -0.107799383   -0.0148626987     0.488970433
 1877    0.0962364182   -0.0449454498     0.475036723
 1878   -0.0253694276  -0.00861176027             0.5
 1879   -0.0628146134    -0.108070923     0.460188325
 1880   -0.0550700509  -0.00360948186             0.5
 1881   -0.0309737016    -0.102234233     0.465278278
 1882    0.0450721157   -0.0966508331     0.464716479
 1883   -0.0822332796   0.00538985391             0.5
 1884    -0.105681048    0.0210212675             0.5
 1885   0.00843377503   -0.0788633424     0.476645154
 1886   -0.0123430683   -0.0620527946     0.484277898
 1887     0.124738903  -0.00807503178     0.481597483
 1888    -0.120740728    0.0323523807             0.5
 1889     0.108253175          0.0625             0.5
 1890    -0.122406585   -0.0253303753     0.485641399
 1891   -0.0176658892    -0.123745369     0.457111408
 1892   -0.0902323967    -0.066892271     0.477932844
 1893    -0.118386251   -0.0401210102     0.483006168
 1894   -0.0655173113   -0.0638743359     0.482640943
 1895   -0.0885027358   -0.0882738113     0.469523138
 1896    0.0779710393   -0.0579723421      0.47851725
 1897    0.0808262454    0.0160773398             0.5
 1898     0.020142715   -0.0176646918             0.5
 1899    0.0176658892    -0.123745369     0.457111408
 1900    0.0628146134    -0.108070923     0.460188325
 1901     0.102033106    0.0346355724             0.5
 1902  -0.00522669325   -0.0262764528             0.5
 1903   -0.0176336198   -0.0886501931     0.477178243
 1904    -0.123930608     0.016315774             0.5
 1905     0.115484942    0.0478354291             0.5
 1906   -0.0808262454   -0.0160773398             0.5
 1907    0.0665169848    -0.078761981     0.475692688
 1908     0.025566381    -0.102102698     0.470589959
 1909    -0.106233556  -0.00347168441             0.5
 1910   -0.0458873222   -0.0306609284             0.5
 1911    0.0347225348   -0.0787078116     0.480907077
 1912     0.049496804   -0.0244091225             0.5
 1913    0.0822332796  -0.00538985391             0.5
 1914     0.122281898   -0.0259256136     0.484576854
 1915      0.08817862   -0.0885975788     0.469523812
 1916     0.120740728    0.0323523807             0.5
 1917          -0.125  7.65404249e-18             0.5
 1918   -0.0603218782   -0.0871422642     0.480331934
 1919    -0.111394441   -0.0567122436      0.48538437
 1920     0.118386251   -0.0401210102     0.483006168
 1921   -0.0739110362   -0.0364488894             0.5
 1922     0.106233556   0.00347168441             0.5
 1923               0          -0.125     0.466334608
 1924     -0.10214051   -0.0720577283     0.483812717
 1925   -0.0244091225    -0.049496804             0.5
 1926    0.0306609261   -0.0458873267             0.5
 1927     0.123930608     0.016315774             0.5
 1928    -0.123930608    -0.016315774             0.5
 1929  -0.00463440367    -0.107240023     0.477204156
 1930    0.0780362517    -0.026489738             0.5
 1931   0.00360951494   -0.0550700585             0.5
 1932    -0.102033106   -0.0346355724             0.5
 1933   -0.0619589119   -0.0543365074             0.5
 1934     0.111394441   -0.0567122436      0.48538437
 1935           0.125 -7.65404249e-18             0.5
 1936    -0.120740728   -0.0323523807             0.5
 1937   -0.0396552734    -0.118543069     0.475966998
 1938     0.105681048   -0.0210212675             0.5
 1939    0.0685211823   -0.0457843902             0.5
 1940     0.102062677   -0.0721679294     0.483458061
 1941   -0.0931462747   -0.0833592917     0.487780471
 1942   -0.0789307897   -0.0759301734     0.493013036
 1943   -0.0836249938    -0.092907806     0.485651858
 1944   -0.0457843902   -0.0685211823             0.5
 1945    0.0396552734    -0.118543069     0.475966998
 1946   -0.0694243457    -0.103948354     0.483727357
 1947    0.0501491918   -0.0955738167     0.486506737
 1948    -0.115484942   -0.0478354291             0.5
 1949     0.123930608    -0.016315774             0.5
 1950   -0.0863941743   -0.0619166192             0.5
 1951    0.0543365074   -0.0619589119             0.5
 1952     0.092907806   -0.0836249938     0.485651858
 1953    -0.026489738   -0.0780362517             0.5
 1954   -0.0552466452    -0.112128534     0.483444547
 1955    0.0364488947   -0.0739110385             0.5
 1956    0.0971122917   -0.0478904825             0.5
 1957  -0.00538985391   -0.0822332796             0.5
 1958    0.0160773582   -0.0808262637             0.5
 1959    0.0765046662   -0.0802723007     0.492623607
 1960    -0.108253175         -0.0625             0.5
 1961     0.120740728   -0.0323523807             0.5
 1962    0.0694243457    -0.103948354     0.483727357
 1963   -0.0175809592    -0.123757464      0.48167572
 1964    0.0175809592    -0.123757464      0.48167572
 1965    0.0552466452    -0.112128534     0.483444547
 1966    0.0833392788   -0.0931641809     0.487780605
 1967   -0.0710454756   -0.0810118385             0.5
 1968               0          -0.125     0.483602139
 1969   -0.0991691675   -0.0760951786             0.5
 1970     0.115484942   -0.0478354291             0.5
 1971    0.0810118385   -0.0710454756             0.5
 1972   -0.0478904825   -0.0971122917             0.5
 1973   -0.0883883476   -0.0883883476             0.5
 1974     0.108253175         -0.0625             0.5
 1975    0.0619166234   -0.0863941744             0.5
 1976    0.0377446387   -0.0990938935             0.5
 1977   -0.0210212675    -0.105681048             0.5
 1978   -0.0760951786   -0.0991691675             0.5
 1979    0.0991691675   -0.0760951786             0.5
 1980   0.00708177772    -0.108046952             0.5
 1981         -0.0625    -0.108253175             0.5
 1982    0.0883883476   -0.0883883476             0.5
 1983   -0.0478354291    -0.115484942             0.5
 1984    0.0760951786   -0.0991691675             0.5
 1985   -0.0323523807    -0.120740728             0.5
 1986          0.0625    -0.108253175             0.5
 1987    -0.016315774    -0.123930608             0.5
 1988    0.0478354291    -0.115484942             0.5
 1989    0.0323523807    -0.120740728             0.5
 1990              -0          -0.125             0.5
 1991     0.016315774    -0.123930608             0.5
End Coordinates

Elements
1 1941 1973 1943 1942
2 1802 1856 1778 1810
3 1766 1831 1765 1783
4 1966 1982 1952 1959
5 1943 1941 1942 1895
6 1778 1802 1810 1715
7 1765 1766 1783 1685
8 1952 1966 1959 1915
9 1941 1973 1942 1969
10 1766 1831 1783 1819
11 621 604 585 552
12 1802 1856 1810 1872
13 1966 1982 1959 1984
14 111 128 144 99
15 585 621 552 536
16 144 111 99 120
17 1973 1943 1942 1978
18 1831 1765 1783 1844
19 75 57 50 53
20 50 75 53 69
21 1856 1778 1810 1845
22 1982 1952 1959 1979
23 669 679 701 590
24 701 669 590 711
25 1969 1941 1924 1950
26 621 604 552 645
27 111 128 99 89
28 1872 1802 1797 1865
29 604 585 552 554
30 128 144 99 160
31 75 57 53 88
32 669 679 590 646
33 540 507 493 440
34 185 208 224 177
35 127 107 142 129
36 605 628 588 499
37 493 540 440 534
38 224 185 177 220
39 1927 1916 1866 1901
40 1765 1844 1769 1783
41 714 678 697 599
42 585 621 536 623
43 1952 1979 1940 1959
44 1928 1936 1890 1932
45 39 58 49 42
46 144 111 120 143
47 1855 1871 1785 1857
48 1974 1970 1934 1956
49 1948 1960 1919 1932
50 1905 1889 1830 1901
51 159 127 142 129
52 555 605 588 499
53 507 460 493 373
54 208 249 224 236
55 1796 1888 1829 1884
56 1920 1961 1914 1938
57 1936 1893 1890 1932
58 1916 1839 1866 1901
59 207 186 226 199
60 508 541 495 411
61 430 408 392 373
62 278 297 321 236
63 678 662 697 599
64 507 493 440 373
65 58 80 49 42
66 208 224 177 236
67 248 207 226 199
68 1961 1949 1914 1938
69 408 354 392 373
70 1888 1904 1829 1884
71 461 508 495 411
72 297 353 321 236
73 1819 1766 1743 1816
74 1984 1966 1962 1975
75 621 552 536 662
76 111 99 120 80
77 57 50 53 38
78 552 585 536 440
79 99 144 120 177
80 679 701 590 715
81 1942 1941 1969 1950
82 1810 1802 1872 1865
83 1783 1766 1819 1816
84 1959 1966 1984 1975
85 1808 1819 1743 1816
86 160 208 185 177
87 645 621 662 552
88 1978 1981 1946 1972
89 1758 1832 1750 1824
90 1889 1872 1797 1865
91 2 1 4 6
92 678 645 662 599
93 701 715 723 606
94 1808 1743 1727 1712
95 1981 1972 1983 1954
96 605 646 628 499
97 585 554 540 440
98 1791 1793 1788 1720
99 144 160 185 177
100 1960 1969 1924 1950
101 1946 1981 1954 1972
102 1990 1980 1991 1968
103 58 89 80 42
104 554 507 540 440
105 1986 1962 1965 1947
106 127 88 107 129
107 1986 1984 1962 1975
108 89 111 80 99
109 1832 1824 1820 1750
110 1845 1832 1758 1824
111 50 38 30 28
112 761 766 654 767
113 20 9 16 11
114 1798 1808 1727 1712
115 734 751 747 637
116 1988 1986 1965 1947
117 1962 1965 1947 1900
118 1844 1855 1769 1857
119 1979 1974 1940 1956
120 1960 1924 1919 1950
121 1889 1797 1830 1865
122 1743 1727 1712 1637
123 1943 1978 1946 1942
124 1778 1845 1758 1810
125 1928 1890 1851 1876
126 1927 1866 1864 1875
127 1982 1971 1979 1959
128 1982 1971 1959 1975
129 1971 1979 1959 1940
130 1936 1948 1893 1932
131 1942 1973 1978 1967
132 1942 1973 1967 1950
133 1978 1942 1967 1946
134 297 249 236 278
135 1890 1851 1876 1790
136 1973 1942 1969 1950
137 1831 1835 1844 1783
138 1831 1835 1783 1816
139 1835 1844 1783 1769
140 1916 1905 1839 1901
141 604 645 535 552
142 535 604 552 463
143 645 535 552 662
144 1871 1888 1796 1857
145 1810 1856 1845 1846
146 1810 1856 1846 1865
147 1845 1810 1846 1758
148 679 646 560 590
149 560 679 590 606
150 1856 1810 1872 1865
151 57 88 65 53
152 65 57 53 28
153 1970 1961 1920 1956
154 1809 1804 1799 1716
155 207 159 186 129
156 1866 1864 1875 1771
157 408 460 373 430
158 1831 1783 1819 1816
159 128 89 92 99
160 92 128 99 146
161 89 92 99 80
162 1985 1977 1987 1963
163 508 555 541 499
164 21 10 14 13
165 1982 1959 1984 1975
166 733 750 638 752
167 1769 1855 1785 1857
168 1940 1974 1934 1956
169 88 75 107 53
170 646 669 628 590
171 1785 1871 1796 1857
172 1934 1970 1920 1956
173 1928 1890 1876 1932
174 1948 1919 1893 1932
175 1905 1830 1839 1901
176 493 460 430 373
177 224 249 278 236
178 1927 1866 1875 1901
179 159 142 186 129
180 555 588 541 499
181 585 552 554 463
182 144 99 160 146
183 552 604 554 463
184 99 128 160 146
185 646 560 590 628
186 38 20 30 28
187 715 734 723 606
188 88 65 53 107
189 714 697 729 599
190 39 49 29 42
191 1791 1720 1799 1793
192 1808 1743 1712 1816
193 1769 1765 1783 1685
194 30 20 16 22
195 1940 1952 1959 1915
196 723 734 747 634
197 1990 1968 1987 1980
198 1986 1962 1947 1975
199 53 57 38 28
200 298 281 329 262
201 6 2 10 4
202 1712 1808 1816 1800
203 590 679 715 606
204 407 432 386 331
205 767 761 750 654
206 1947 1986 1975 1976
207 16 30 22 27
208 1904 1917 1836 1909
209 353 407 386 331
210 1829 1904 1836 1884
211 1949 1935 1887 1922
212 354 298 329 262
213 1914 1949 1887 1938
214 747 723 634 758
215 298 248 281 262
216 248 226 281 199
217 321 353 386 302
218 407 461 432 331
219 461 495 432 411
220 392 354 329 305
221 16 9 7 11
222 1971 1959 1975 1951
223 1835 1783 1816 1827
224 747 751 763 637
225 1846 1810 1865 1852
226 1967 1942 1950 1933
227 1917 1909 1928 1851
228 552 535 463 390
229 507 554 463 440
230 463 507 440 373
231 554 463 440 585
232 99 92 146 108
233 208 160 146 177
234 146 208 177 236
235 160 146 177 144
236 1935 1922 1927 1864
237 590 560 606 466
238 50 53 38 28
239 53 65 28 46
240 701 590 715 606
241 1792 1800 1798 1686
242 733 714 729 599
243 21 39 29 42
244 3 9 11 7
245 3 1 5 4
246 760 766 772 654
247 1989 1976 1988 1945
248 20 16 22 11
249 760 751 637 763
250 734 747 634 637
251 1942 1943 1895 1946
252 1968 1923 1963 1929
253 1968 1923 1929 1964
254 1720 1651 1716 1690
255 1720 1651 1690 1711
256 321 353 302 236
257 392 354 305 373
258 386 321 302 280
259 1585 1651 1616 1620
260 1859 1923 1899 1858
261 1788 1792 1711 1793
262 1991 1989 1964 1980
263 1810 1778 1715 1758
264 329 392 305 341
265 1923 1859 1891 1858
266 1651 1585 1622 1620
267 1963 1968 1929 1987
268 1716 1720 1690 1799
269 1743 1712 1816 1721
270 1962 1947 1975 1907
271 1890 1893 1790 1838
272 1890 1893 1838 1932
273 1866 1839 1771 1813
274 1866 1839 1813 1901
275 1788 1711 1720 1793
276 1991 1964 1968 1980
277 1851 1928 1876 1909
278 1928 1876 1909 1932
279 1864 1927 1875 1922
280 1927 1875 1922 1901
281 1941 1942 1895 1892
282 1941 1942 1892 1950
283 621 536 623 662
284 1924 1941 1895 1892
285 1924 1941 1892 1950
286 1766 1783 1685 1721
287 111 120 143 80
288 1797 1802 1715 1773
289 1797 1802 1773 1865
290 1802 1810 1715 1773
291 1802 1810 1773 1865
292 1810 1773 1865 1852
293 1836 1917 1851 1909
294 536 585 623 540
295 1966 1959 1915 1907
296 1887 1935 1864 1922
297 120 144 143 185
298 30 20 22 28
299 20 22 28 11
300 1798 1808 1712 1800
301 1585 1616 1542 1620
302 1766 1783 1721 1816
303 1972 1983 1954 1937
304 1859 1899 1823 1858
305 723 734 634 606
306 734 634 606 637
307 1824 1820 1750 1697
308 1891 1859 1812 1815
309 1988 1986 1947 1976
310 1966 1959 1907 1975
311 1622 1585 1554 1588
312 353 386 302 331
313 302 353 331 236
314 354 329 305 262
315 305 354 262 373
316 22 30 28 48
317 5 1 6 4
318 772 766 767 654
319 634 723 606 548
320 750 752 767 638
321 10 13 6 14
322 1923 1899 1858 1964
323 1727 1798 1712 1686
324 6 12 5 8
325 6 12 8 13
326 1651 1616 1620 1711
327 767 777 772 641
328 767 777 641 752
329 1554 1622 1588 1566
330 1965 1988 1947 1945
331 1812 1891 1815 1803
332 1810 1715 1773 1734
333 1859 1774 1812 1815
334 1774 1859 1823 1782
335 386 302 331 352
336 772 767 641 654
337 226 186 231 182
338 226 186 182 199
339 1585 1503 1554 1588
340 329 305 262 237
341 5 6 8 4
342 1503 1585 1542 1558
343 495 541 518 428
344 495 541 428 411
345 1892 1924 1950 1919
346 1892 1924 1919 1826
347 144 99 146 177
348 50 30 69 48
349 1622 1585 1588 1620
350 1585 1588 1620 1558
351 1588 1620 1558 1593
352 1620 1585 1558 1542
353 1585 1588 1558 1503
354 1876 1851 1909 1779
355 585 552 463 440
356 1891 1859 1815 1858
357 1859 1815 1858 1782
358 1815 1858 1782 1772
359 1858 1859 1782 1823
360 1859 1815 1782 1774
361 701 723 711 548
362 1835 1844 1769 1857
363 1875 1864 1922 1828
364 1971 1979 1940 1956
365 634 606 637 496
366 1895 1924 1892 1826
367 1983 1972 1985 1937
368 1804 1799 1716 1690
369 1977 1987 1963 1929
370 1975 1947 1976 1955
371 1773 1810 1734 1852
372 1820 1824 1809 1697
373 1816 1712 1800 1811
374 22 28 11 24
375 75 107 53 69
376 540 585 440 536
377 1790 1890 1838 1876
378 1890 1838 1876 1932
379 669 628 590 711
380 185 144 177 120
381 1771 1866 1813 1875
382 1866 1813 1875 1901
383 99 146 177 114
384 1838 1876 1932 1906
385 552 463 440 399
386 1813 1875 1901 1897
387 1959 1971 1940 1896
388 1959 1971 1896 1951
389 25 51 36 32
390 797 821 810 684
391 50 53 28 48
392 50 53 48 69
393 53 28 48 46
394 1712 1798 1800 1686
395 386 321 280 318
396 1503 1542 1470 1558
397 1774 1823 1740 1782
398 1783 1835 1769 1725
399 1783 1835 1725 1827
400 821 797 799 684
401 51 25 47 32
402 329 392 341 425
403 1947 1988 1976 1945
404 701 590 606 548
405 701 590 548 711
406 590 606 548 466
407 1812 1774 1731 1730
408 1554 1503 1475 1509
409 107 142 129 113
410 107 142 113 141
411 1893 1790 1838 1801
412 7 3 5 11
413 763 760 772 637
414 1712 1816 1721 1811
415 628 588 499 509
416 628 588 509 626
417 1839 1771 1813 1749
418 733 729 752 638
419 21 29 13 14
420 1947 1975 1907 1955
421 1967 1978 1946 1972
422 646 560 628 499
423 16 7 27 18
424 16 7 18 11
425 142 129 113 186
426 113 142 186 141
427 1929 1968 1964 1980
428 1846 1845 1758 1824
429 146 177 114 162
430 645 535 662 599
431 88 65 107 129
432 747 763 758 635
433 747 763 635 637
434 588 499 509 541
435 509 588 541 626
436 1690 1720 1711 1793
437 89 92 80 42
438 463 440 399 320
439 28 22 48 24
440 1743 1766 1685 1721
441 302 331 352 225
442 1731 1812 1730 1803
443 606 634 548 496
444 1962 1966 1915 1907
445 305 262 237 257
446 1475 1554 1509 1566
447 392 430 373 358
448 392 430 358 425
449 1946 1954 1879 1918
450 1946 1954 1918 1972
451 321 302 280 236
452 1796 1888 1884 1857
453 1758 1750 1654 1734
454 662 697 599 597
455 662 697 597 717
456 1923 1963 1929 1891
457 207 186 199 129
458 392 305 341 358
459 305 341 358 237
460 392 305 358 373
461 341 392 358 425
462 358 341 425 368
463 1920 1961 1938 1956
464 321 278 236 280
465 321 278 280 318
466 80 49 42 52
467 80 49 52 67
468 1651 1716 1690 1622
469 508 541 411 499
470 821 799 828 696
471 1959 1907 1975 1951
472 1829 1796 1884 1770
473 1829 1796 1770 1695
474 49 42 52 29
475 52 49 29 67
476 810 821 843 684
477 1689 1774 1740 1701
478 1774 1689 1731 1701
479 1942 1892 1950 1933
480 1783 1721 1816 1827
481 1421 1503 1470 1465
482 1914 1920 1938 1860
483 1914 1920 1860 1814
484 51 47 82 60
485 1922 1875 1828 1897
486 697 599 597 729
487 597 697 729 717
488 36 51 68 32
489 1503 1421 1475 1465
490 1909 1876 1779 1906
491 50 30 48 28
492 1812 1774 1730 1815
493 1730 1812 1815 1803
494 302 386 280 352
495 1815 1891 1858 1929
496 1588 1622 1620 1690
497 1554 1503 1509 1588
498 1509 1554 1588 1566
499 701 723 548 606
500 305 329 341 237
501 1919 1960 1950 1932
502 1830 1889 1865 1901
503 305 358 373 257
504 1884 1829 1770 1836
505 1829 1770 1836 1695
506 16 22 11 18
507 16 22 18 27
508 22 11 18 24
509 47 82 60 91
510 1750 1758 1824 1734
511 358 341 368 254
512 1938 1914 1860 1887
513 1914 1860 1887 1814
514 747 634 637 635
515 747 634 635 758
516 634 637 635 496
517 799 828 696 796
518 1942 1967 1946 1918
519 1773 1797 1865 1830
520 36 25 32 17
521 810 797 684 782
522 1810 1846 1758 1734
523 1810 1846 1734 1852
524 92 99 80 52
525 51 90 68 77
526 1712 1727 1686 1637
527 535 552 662 597
528 231 226 182 281
529 821 864 843 727
530 1815 1858 1772 1929
531 358 341 254 237
532 1622 1651 1620 1690
533 1651 1620 1690 1711
534 864 821 828 727
535 1947 1965 1945 1900
536 518 495 428 432
537 1891 1923 1858 1929
538 1923 1858 1929 1964
539 90 51 82 77
540 1421 1470 1385 1465
541 1809 1804 1716 1697
542 6 8 4 14
543 767 641 654 638
544 1893 1838 1932 1919
545 1766 1743 1816 1721
546 281 248 199 262
547 1689 1740 1661 1701
548 1796 1785 1857 1747
549 1796 1785 1747 1677
550 1774 1731 1730 1701
551 1730 1774 1701 1782
552 1701 1730 1782 1772
553 1730 1774 1782 1815
554 1782 1730 1815 1772
555 1774 1701 1782 1740
556 226 182 281 199
557 1949 1887 1938 1922
558 1731 1689 1653 1648
559 1985 1977 1963 1937
560 428 495 411 432
561 1839 1813 1901 1830
562 1966 1962 1975 1907
563 432 461 411 331
564 1475 1421 1388 1427
565 1920 1934 1956 1877
566 1920 1934 1877 1854
567 1503 1475 1509 1465
568 1509 1503 1465 1558
569 1465 1509 1558 1593
570 1509 1503 1558 1588
571 1558 1509 1588 1593
572 1503 1465 1558 1470
573 1904 1836 1884 1909
574 1542 1616 1565 1620
575 1616 1565 1620 1665
576 493 440 373 358
577 430 373 358 493
578 1823 1899 1821 1807
579 1823 1899 1807 1858
580 1899 1807 1858 1908
581 1821 1823 1807 1740
582 51 47 60 32
583 60 51 32 77
584 32 60 77 73
585 51 32 77 68
586 60 51 77 82
587 1743 1712 1721 1637
588 733 729 638 599
589 821 799 696 684
590 696 821 684 727
591 684 696 727 569
592 821 684 727 843
593 696 821 727 828
594 224 177 236 278
595 224 177 278 220
596 1934 1956 1877 1940
597 1877 1934 1940 1854
598 1962 1947 1907 1900
599 21 29 14 42
600 1785 1857 1747 1769
601 1747 1785 1769 1677
602 358 430 493 534
603 1838 1893 1801 1919
604 1893 1801 1919 1826
605 1801 1919 1826 1853
606 1826 1801 1853 1739
607 1826 1801 1739 1645
608 560 590 628 509
609 8 6 13 14
610 1813 1839 1749 1830
611 1839 1749 1830 1707
612 1749 1830 1707 1744
613 1707 1749 1744 1669
614 1707 1749 1669 1605
615 65 53 107 113
616 641 767 752 638
617 1620 1558 1593 1565
618 1620 1558 1565 1542
619 1929 1968 1980 1987
620 1388 1475 1427 1408
621 1858 1782 1772 1807
622 1858 1782 1807 1823
623 1782 1807 1823 1740
624 1690 1720 1793 1799
625 1653 1731 1648 1652
626 1783 1685 1721 1725
627 1721 1783 1725 1827
628 777 772 641 782
629 1782 1772 1807 1701
630 1807 1782 1701 1740
631 1959 1915 1907 1896
632 1907 1959 1896 1951
633 1558 1593 1565 1465
634 1565 1558 1465 1470
635 1838 1790 1876 1779
636 1813 1771 1875 1828
637 1715 1797 1773 1707
638 12 5 8 17
639 1830 1797 1707 1773
640 113 107 141 69
641 1801 1919 1853 1870
642 1853 1801 1870 1763
643 1919 1853 1870 1892
644 1919 1853 1892 1826
645 1853 1892 1826 1787
646 1853 1892 1787 1894
647 1853 1892 1894 1870
648 1341 1421 1385 1386
649 1749 1830 1744 1822
650 1744 1749 1822 1719
651 1830 1744 1822 1773
652 1623 1689 1661 1617
653 68 90 115 77
654 331 302 236 225
655 440 463 373 320
656 843 864 880 727
657 186 231 182 113
658 1689 1623 1653 1617
659 341 425 368 323
660 509 628 626 711
661 1421 1341 1388 1386
662 541 518 428 509
663 864 828 871 722
664 262 305 373 257
665 177 146 236 162
666 90 82 134 102
667 1876 1851 1779 1790
668 1801 1919 1870 1838
669 1870 1801 1838 1763
670 1876 1909 1932 1906
671 32 60 73 40
672 684 696 569 616
673 1749 1830 1822 1813
674 1822 1749 1813 1719
675 1875 1864 1828 1771
676 1875 1922 1901 1897
677 36 68 61 54
678 36 68 54 32
679 54 36 32 17
680 1875 1813 1828 1897
681 634 723 548 758
682 281 329 262 237
683 281 329 237 323
684 810 843 822 708
685 810 843 708 684
686 708 810 684 782
687 1942 1895 1892 1894
688 696 727 569 722
689 696 727 722 828
690 722 696 828 796
691 432 386 331 352
692 432 386 352 427
693 1731 1689 1648 1701
694 1689 1648 1701 1617
695 1648 1701 1617 1618
696 1701 1689 1617 1661
697 1689 1648 1617 1653
698 60 77 73 102
699 60 77 102 82
700 102 60 82 91
701 1876 1838 1779 1906
702 22 30 48 27
703 1475 1421 1427 1465
704 1421 1427 1465 1386
705 1427 1465 1386 1436
706 1465 1421 1386 1385
707 1421 1427 1386 1388
708 1893 1790 1801 1826
709 552 535 390 437
710 1648 1701 1618 1730
711 1648 1701 1730 1731
712 1730 1648 1731 1684
713 1427 1465 1436 1509
714 1427 1465 1509 1475
715 1509 1427 1475 1484
716 1839 1771 1749 1707
717 590 560 466 414
718 799 797 768 616
719 1790 1838 1801 1714
720 99 92 108 64
721 47 25 31 40
722 1771 1813 1749 1674
723 1967 1942 1933 1894
724 1967 1942 1894 1918
725 53 65 46 84
726 1954 1918 1972 1937
727 1954 1918 1937 1879
728 32 60 40 47
729 1385 1470 1395 1414
730 1395 1385 1414 1300
731 1385 1470 1414 1465
732 52 80 67 120
733 1661 1740 1666 1649
734 1666 1661 1649 1589
735 1661 1740 1649 1701
736 1830 1822 1813 1901
737 1822 1813 1901 1897
738 1830 1822 1901 1865
739 684 696 616 799
740 597 662 717 536
741 82 134 102 91
742 828 871 722 796
743 1919 1870 1838 1932
744 1870 1838 1932 1906
745 1919 1870 1932 1950
746 1386 1427 1436 1350
747 1830 1707 1744 1773
748 552 463 399 390
749 463 399 390 320
750 399 390 320 271
751 1617 1648 1618 1559
752 727 684 569 708
753 727 684 708 843
754 708 727 843 793
755 708 727 793 569
756 430 358 425 534
757 1792 1686 1711 1665
758 1686 1711 1665 1616
759 99 146 114 108
760 146 114 108 162
761 114 108 162 119
762 114 108 119 64
763 114 108 64 99
764 1989 1945 1964 1908
765 1945 1964 1908 1899
766 77 32 73 54
767 77 32 54 68
768 54 77 68 104
769 54 77 104 73
770 1744 1822 1773 1719
771 90 145 115 124
772 864 899 880 791
773 1879 1946 1918 1895
774 1341 1385 1300 1386
775 1623 1661 1589 1617
776 899 864 871 791
777 145 90 134 124
778 1653 1623 1584 1559
779 1388 1341 1312 1350
780 1801 1853 1739 1763
781 1617 1648 1559 1653
782 1807 1858 1908 1772
783 641 772 654 637
784 1740 1649 1701 1807
785 1565 1620 1665 1593
786 1836 1851 1722 1779
787 1836 1851 1779 1909
788 1730 1648 1684 1618
789 1749 1744 1669 1719
790 1887 1864 1760 1828
791 1887 1864 1828 1922
792 108 162 119 164
793 1858 1899 1908 1964
794 8 5 4 11
795 1620 1616 1665 1711
796 1509 1427 1484 1436
797 1386 1427 1350 1388
798 1750 1697 1654 1696
799 1750 1697 1696 1824
800 1796 1770 1695 1747
801 1796 1770 1747 1857
802 603 787 691 687
803 691 603 687 521
804 1892 1942 1894 1933
805 129 107 113 65
806 787 691 687 867
807 90 82 102 77
808 102 90 77 124
809 77 102 124 110
810 90 77 124 115
811 102 90 124 134
812 77 102 110 73
813 102 124 110 163
814 110 77 73 104
815 1465 1386 1436 1414
816 1465 1386 1414 1385
817 1386 1414 1385 1300
818 1147 1227 1186 1122
819 1186 1147 1122 1107
820 1227 1186 1122 1265
821 1826 1853 1787 1739
822 1853 1787 1739 1894
823 1787 1826 1739 1724
824 68 61 54 104
825 1920 1860 1814 1877
826 1920 1860 1877 1956
827 1701 1617 1618 1649
828 1701 1617 1649 1661
829 1617 1649 1661 1589
830 1227 1147 1182 1122
831 341 254 237 270
832 499 628 509 560
833 864 828 722 727
834 722 864 727 791
835 727 722 791 614
836 864 727 791 880
837 722 864 791 871
838 727 722 614 569
839 722 791 614 737
840 614 727 569 793
841 787 603 709 687
842 1707 1744 1773 1669
843 843 822 708 793
844 278 280 318 210
845 280 318 210 299
846 280 318 299 427
847 428 541 509 499
848 722 791 737 871
849 254 237 270 179
850 254 237 179 196
851 102 124 163 134
852 182 186 113 129
853 552 536 662 597
854 1715 1773 1734 1657
855 1813 1822 1719 1897
856 1669 1749 1719 1674
857 1838 1870 1763 1906
858 1739 1801 1763 1714
859 99 120 80 52
860 7 5 17 8
861 1617 1618 1649 1540
862 1649 1617 1540 1589
863 1870 1853 1763 1894
864 53 48 69 113
865 162 114 119 191
866 42 80 52 92
867 124 77 110 104
868 124 77 104 115
869 104 124 115 175
870 763 772 782 641
871 7 27 18 17
872 791 727 614 793
873 791 727 793 880
874 793 791 880 928
875 763 758 635 782
876 12 25 17 32
877 590 548 711 509
878 1696 1750 1824 1734
879 599 662 597 535
880 777 797 782 684
881 1386 1436 1414 1346
882 1414 1386 1346 1300
883 280 302 352 191
884 752 729 768 613
885 752 729 613 638
886 1771 1813 1674 1828
887 634 635 758 548
888 634 635 548 496
889 1552 1623 1589 1536
890 115 145 175 124
891 1790 1838 1714 1779
892 1805 1811 1800 1718
893 1805 1811 1718 1757
894 1805 1811 1757 1825
895 186 182 199 129
896 880 899 928 791
897 1247 1341 1300 1303
898 1870 1919 1892 1950
899 1947 1976 1955 1908
900 13 29 31 23
901 13 29 23 14
902 15 11 24 18
903 797 777 768 616
904 399 552 390 437
905 390 399 437 339
906 1341 1247 1312 1303
907 797 799 684 616
908 899 871 913 737
909 1958 1955 1976 1908
910 541 428 411 499
911 145 134 198 163
912 1623 1552 1584 1536
913 25 47 32 40
914 22 18 27 48
915 22 18 48 24
916 25 12 31 40
917 1712 1800 1811 1718
918 503 637 496 635
919 767 750 638 654
920 1920 1938 1860 1956
921 1796 1884 1770 1857
922 1977 1980 1987 1929
923 1963 1929 1891 1937
924 1716 1690 1622 1697
925 1744 1669 1719 1773
926 6 10 14 4
927 1809 1824 1804 1697
928 1804 1793 1799 1690
929 1696 1750 1734 1654
930 1853 1739 1763 1894
931 1985 1972 1977 1937
932 1811 1827 1816 1721
933 24 28 46 48
934 540 440 534 536
935 1716 1804 1690 1697
936 1731 1730 1684 1803
937 1921 1933 1950 1892
938 1955 1951 1975 1907
939 496 606 466 548
940 1913 1897 1922 1828
941 291 331 225 352
942 1653 1584 1652 1559
943 185 177 220 120
944 1963 1977 1929 1937
945 1475 1509 1484 1566
946 1883 1906 1909 1779
947 196 262 257 237
948 1388 1312 1408 1350
949 1873 1852 1865 1773
950 162 114 191 177
951 440 493 534 358
952 1918 1946 1972 1967
953 1734 1696 1654 1611
954 1734 1696 1611 1687
955 1734 1696 1687 1834
956 684 569 708 577
957 708 684 577 782
958 32 73 54 37
959 54 32 37 17
960 552 535 437 597
961 1783 1769 1685 1725
962 1654 1758 1734 1715
963 7 18 11 8
964 729 597 717 613
965 1715 1773 1657 1707
966 1959 1940 1915 1896
967 29 52 67 23
968 99 92 64 52
969 763 635 637 641
970 1758 1810 1734 1715
971 590 560 414 509
972 1730 1815 1772 1754
973 1730 1815 1754 1803
974 280 386 318 427
975 280 386 427 352
976 1509 1588 1593 1578
977 1509 1588 1578 1566
978 53 65 84 113
979 341 329 425 323
980 341 329 323 237
981 1648 1731 1684 1652
982 1892 1826 1787 1895
983 1787 1892 1895 1894
984 1427 1475 1484 1408
985 1712 1800 1718 1686
986 145 217 175 171
987 536 623 662 717
988 177 236 278 210
989 899 953 928 841
990 1247 1300 1204 1303
991 623 536 540 534
992 1552 1589 1506 1536
993 12 8 13 23
994 953 899 913 841
995 120 143 80 67
996 217 145 198 171
997 777 797 684 616
998 12 25 32 40
999 1584 1552 1499 1495
1000 143 120 185 220
1001 1312 1247 1212 1253
1002 777 641 752 613
1003 341 368 254 270
1004 603 709 687 589
1005 603 709 589 542
1006 589 603 542 445
1007 1897 1873 1901 1822
1008 1873 1901 1822 1865
1009 1861 1883 1884 1770
1010 1838 1801 1714 1763
1011 1930 1913 1938 1860
1012 727 843 793 880
1013 843 793 880 822
1014 225 236 162 191
1015 1827 1842 1835 1725
1016 136 199 196 182
1017 162 119 164 191
1018 1933 1944 1967 1894
1019 360 411 291 428
1020 257 373 320 358
1021 1852 1834 1846 1734
1022 1817 1806 1804 1700
1023 1817 1806 1700 1748
1024 1817 1806 1748 1825
1025 1147 1182 1122 1071
1026 1147 1182 1071 1097
1027 1071 1147 1097 1070
1028 1953 1957 1977 1903
1029 1953 1957 1903 1886
1030 1953 1957 1886 1925
1031 77 68 104 115
1032 68 104 115 61
1033 1813 1749 1674 1719
1034 1951 1939 1971 1896
1035 34 14 19 23
1036 1906 1921 1932 1870
1037 1921 1932 1870 1950
1038 485 638 501 613
1039 1773 1734 1657 1687
1040 709 787 687 824
1041 709 787 824 877
1042 787 824 877 934
1043 199 262 196 237
1044 1212 1312 1253 1279
1045 752 768 777 613
1046 1792 1711 1793 1665
1047 1884 1883 1909 1779
1048 1499 1584 1495 1529
1049 1618 1701 1649 1713
1050 1701 1649 1713 1807
1051 5 3 4 11
1052 13 31 12 23
1053 1989 1964 1980 1908
1054 1436 1465 1414 1519
1055 1938 1913 1922 1828
1056 358 305 237 257
1057 411 331 291 352
1058 1182 1227 1122 1185
1059 1182 1227 1185 1257
1060 1227 1185 1257 1317
1061 772 760 654 637
1062 1749 1771 1674 1605
1063 1792 1800 1686 1718
1064 1616 1565 1665 1550
1065 822 810 708 782
1066 1806 1748 1825 1757
1067 1908 1945 1899 1821
1068 1886 1953 1925 1944
1069 262 281 237 199
1070 709 589 542 690
1071 1465 1436 1509 1593
1072 1665 1686 1616 1550
1073 1989 1976 1945 1908
1074 1899 1807 1908 1821
1075 1701 1618 1730 1772
1076 1757 1805 1825 1806
1077 1182 1071 1097 1146
1078 331 432 352 411
1079 61 36 54 17
1080 1801 1790 1714 1645
1081 1897 1874 1873 1746
1082 1873 1897 1746 1719
1083 225 162 164 191
1084 196 257 188 254
1085 1883 1880 1906 1780
1086 1906 1883 1780 1779
1087 1842 1861 1857 1747
1088 84 129 136 113
1089 19 15 43 26
1090 19 15 26 8
1091 1827 1837 1842 1737
1092 1842 1827 1737 1725
1093 1737 1842 1725 1756
1094 46 84 81 72
1095 46 84 72 53
1096 425 358 368 534
1097 437 485 339 417
1098 437 485 417 597
1099 1939 1912 1930 1841
1100 1930 1939 1841 1877
1101 414 360 289 375
1102 414 360 375 509
1103 1957 1931 1958 1886
1104 1957 1931 1886 1925
1105 1931 1886 1925 1902
1106 501 503 372 467
1107 501 503 467 641
1108 1852 1847 1834 1687
1109 108 64 93 119
1110 93 108 119 164
1111 119 93 164 138
1112 1623 1589 1536 1617
1113 1536 1623 1617 1559
1114 1617 1536 1559 1540
1115 1617 1536 1540 1589
1116 1944 1953 1972 1918
1117 437 599 485 597
1118 1939 1930 1956 1877
1119 414 499 360 509
1120 1957 1958 1980 1929
1121 501 654 503 641
1122 496 466 350 443
1123 496 466 443 548
1124 1955 1926 1951 1868
1125 1951 1955 1868 1907
1126 1341 1300 1303 1386
1127 1303 1341 1386 1350
1128 1386 1303 1350 1346
1129 1386 1303 1346 1300
1130 1806 1805 1793 1690
1131 19 4 15 8
1132 1921 1910 1933 1833
1133 1933 1921 1833 1894
1134 1833 1933 1894 1944
1135 1834 1817 1824 1696
1136 64 42 34 52
1137 1860 1814 1877 1752
1138 1877 1860 1752 1841
1139 928 953 976 841
1140 1685 1743 1721 1637
1141 1153 1247 1204 1208
1142 1153 1247 1208 1212
1143 284 323 231 270
1144 440 373 358 320
1145 696 569 616 568
1146 114 119 191 135
1147 524 427 518 402
1148 518 524 402 607
1149 175 217 259 171
1150 1648 1653 1652 1559
1151 1815 1772 1754 1903
1152 1474 1552 1506 1463
1153 1474 1552 1463 1499
1154 1771 1749 1707 1605
1155 217 198 283 233
1156 198 283 233 263
1157 1915 1962 1907 1900
1158 1427 1388 1408 1350
1159 1790 1801 1826 1645
1160 1323 1264 1373 1306
1161 1323 1264 1306 1210
1162 60 73 40 86
1163 953 913 968 861
1164 913 968 861 915
1165 1345 1348 1438 1347
1166 1345 1348 1347 1244
1167 1770 1695 1747 1667
1168 1747 1770 1667 1756
1169 1747 1770 1756 1861
1170 440 399 320 358
1171 569 684 616 577
1172 1185 1182 1257 1146
1173 1811 1718 1757 1737
1174 1427 1436 1350 1484
1175 48 53 46 72
1176 73 32 40 37
1177 1725 1737 1756 1643
1178 1824 1696 1734 1834
1179 1828 1887 1922 1938
1180 824 709 877 690
1181 1648 1618 1559 1684
1182 23 13 14 8
1183 1748 1825 1757 1840
1184 548 590 466 414
1185 110 102 163 131
1186 1779 1836 1909 1884
1187 613 752 638 641
1188 318 210 299 300
1189 614 722 737 610
1190 114 119 135 64
1191 318 278 210 220
1192 1711 1690 1793 1665
1193 1842 1835 1725 1857
1194 1846 1758 1734 1824
1195 1312 1247 1253 1303
1196 1247 1253 1303 1208
1197 1253 1303 1208 1260
1198 1253 1303 1260 1350
1199 1208 1253 1260 1177
1200 1253 1303 1350 1312
1201 1208 1253 1177 1212
1202 1303 1208 1260 1254
1203 1247 1253 1208 1212
1204 1303 1247 1208 1204
1205 1303 1208 1254 1204
1206 1964 1929 1980 1908
1207 368 358 254 327
1208 399 390 271 339
1209 1770 1695 1667 1722
1210 1939 1971 1896 1956
1211 42 52 29 23
1212 1860 1814 1752 1760
1213 1436 1386 1350 1346
1214 599 597 729 613
1215 60 73 86 102
1216 1951 1939 1896 1841
1217 1725 1737 1643 1721
1218 1618 1617 1559 1540
1219 1584 1552 1495 1536
1220 1552 1495 1536 1463
1221 1495 1536 1463 1452
1222 1495 1536 1452 1559
1223 1463 1495 1452 1392
1224 1495 1536 1559 1584
1225 1463 1495 1392 1499
1226 1536 1463 1452 1491
1227 1552 1495 1463 1499
1228 1536 1552 1463 1506
1229 1536 1463 1491 1506
1230 696 569 568 722
1231 302 236 225 191
1232 30 69 48 27
1233 110 102 131 73
1234 1815 1891 1929 1881
1235 1815 1891 1881 1803
1236 124 110 163 166
1237 270 254 179 244
1238 1971 1940 1896 1956
1239 723 711 548 758
1240 1892 1870 1950 1921
1241 614 722 610 569
1242 1588 1622 1690 1660
1243 1588 1622 1660 1566
1244 1713 1701 1807 1772
1245 1519 1465 1565 1593
1246 791 614 737 683
1247 1618 1701 1713 1772
1248 1835 1769 1725 1857
1249 1696 1611 1687 1578
1250 1303 1350 1346 1260
1251 1346 1303 1260 1254
1252 1346 1303 1254 1300
1253 1153 1204 1096 1208
1254 524 427 402 468
1255 1611 1734 1687 1657
1256 1474 1506 1426 1463
1257 1253 1260 1177 1273
1258 110 124 104 166
1259 124 104 166 171
1260 166 124 171 163
1261 124 171 163 145
1262 124 171 145 175
1263 124 104 171 175
1264 171 166 163 239
1265 171 166 239 218
1266 171 166 218 165
1267 171 166 165 104
1268 166 165 104 147
1269 165 104 147 151
1270 165 104 151 175
1271 151 165 175 227
1272 151 165 227 215
1273 379 521 490 459
1274 521 490 459 652
1275 1770 1884 1836 1779
1276 1836 1770 1779 1722
1277 1770 1884 1779 1883
1278 1041 1107 1081 1013
1279 1107 1081 1013 1159
1280 1536 1559 1540 1452
1281 1540 1536 1452 1491
1282 1540 1536 1491 1589
1283 40 60 86 62
1284 1499 1474 1416 1392
1285 210 280 299 250
1286 1495 1452 1392 1469
1287 1212 1153 1106 1177
1288 614 791 793 683
1289 791 793 683 841
1290 683 791 841 737
1291 791 841 737 899
1292 791 841 899 928
1293 791 793 841 928
1294 841 683 737 745
1295 841 683 745 807
1296 841 683 807 812
1297 841 683 812 793
1298 683 812 793 676
1299 812 793 676 887
1300 812 793 887 928
1301 887 812 928 943
1302 887 812 943 888
1303 358 254 327 257
1304 1097 1027 1062 990
1305 1062 1097 990 1146
1306 1860 1938 1887 1828
1307 1887 1860 1828 1760
1308 1860 1938 1828 1913
1309 616 696 568 692
1310 542 400 530 488
1311 530 542 488 690
1312 115 175 151 104
1313 1253 1260 1273 1350
1314 953 913 861 841
1315 861 953 841 903
1316 841 861 903 745
1317 841 861 745 737
1318 841 861 737 913
1319 254 358 237 257
1320 368 358 327 534
1321 1807 1713 1772 1781
1322 1807 1713 1781 1732
1323 1807 1713 1732 1821
1324 1732 1807 1821 1908
1325 763 772 641 637
1326 536 552 440 399
1327 536 552 399 597
1328 1903 1953 1886 1869
1329 880 928 887 793
1330 1495 1452 1469 1559
1331 1700 1817 1748 1687
1332 270 254 244 368
1333 7 5 8 11
1334 1769 1747 1677 1725
1335 1769 1747 1725 1857
1336 1747 1725 1857 1842
1337 102 163 131 172
1338 217 198 233 171
1339 233 217 171 276
1340 171 233 276 239
1341 171 233 239 163
1342 171 233 163 198
1343 616 696 692 799
1344 696 692 799 796
1345 692 799 796 768
1346 692 799 768 616
1347 913 871 870 737
1348 280 299 250 402
1349 1940 1877 1854 1896
1350 1940 1877 1896 1956
1351 1877 1896 1956 1939
1352 1452 1540 1491 1445
1353 1540 1491 1445 1556
1354 1540 1491 1556 1587
1355 1540 1491 1587 1589
1356 1565 1519 1593 1601
1357 1565 1519 1601 1548
1358 1718 1805 1757 1694
1359 120 99 177 114
1360 120 99 114 52
1361 1842 1725 1756 1747
1362 1725 1756 1747 1643
1363 40 60 62 47
1364 60 62 47 91
1365 62 47 91 31
1366 62 47 31 40
1367 198 134 189 172
1368 134 189 172 91
1369 189 198 172 263
1370 172 189 263 268
1371 1957 1903 1886 1885
1372 254 179 244 201
1373 237 270 179 182
1374 179 237 182 196
1375 1260 1346 1254 1296
1376 1346 1254 1296 1328
1377 1346 1254 1328 1337
1378 1346 1254 1337 1300
1379 722 737 610 755
1380 1806 1700 1748 1694
1381 1806 1700 1694 1690
1382 1700 1694 1690 1593
1383 1700 1748 1694 1633
1384 1694 1700 1633 1593
1385 1633 1694 1593 1641
1386 1593 1633 1641 1546
1387 1593 1633 1546 1578
1388 1748 1806 1694 1757
1389 1593 1633 1578 1700
1390 1748 1694 1633 1641
1391 1633 1641 1546 1631
1392 1633 1641 1631 1748
1393 315 217 283 233
1394 237 341 270 323
1395 341 270 323 368
1396 1601 1565 1548 1665
1397 1484 1475 1566 1408
1398 722 737 755 871
1399 755 722 871 769
1400 871 755 769 870
1401 755 769 870 785
1402 871 755 870 737
1403 755 722 769 655
1404 769 755 655 785
1405 655 769 785 796
1406 655 769 796 722
1407 1781 1807 1732 1908
1408 1208 1260 1254 1170
1409 1695 1796 1747 1677
1410 191 114 135 210
1411 1005 953 968 861
1412 102 163 172 134
1413 172 102 134 91
1414 1886 1957 1885 1958
1415 1957 1885 1958 1929
1416 1452 1463 1392 1374
1417 1737 1842 1756 1837
1418 1814 1920 1877 1854
1419 1260 1208 1177 1170
1420 217 315 259 276
1421 315 259 276 379
1422 217 315 276 233
1423 259 217 276 171
1424 198 134 172 163
1425 1760 1864 1771 1828
1426 1546 1633 1631 1586
1427 1546 1633 1586 1578
1428 861 745 737 743
1429 861 745 743 847
1430 861 745 847 903
1431 1770 1747 1857 1861
1432 1953 1886 1869 1944
1433 1869 1953 1944 1918
1434 254 179 201 196
1435 233 239 163 252
1436 233 239 252 328
1437 233 239 328 276
1438 1463 1452 1491 1374
1439 1722 1851 1790 1779
1440 953 1005 976 903
1441 1005 976 903 1041
1442 953 1005 903 861
1443 976 953 903 841
1444 1684 1731 1803 1652
1445 1860 1877 1956 1930
1446 1071 1097 1146 990
1447 1071 1097 990 1070
1448 1805 1757 1694 1806
1449 1694 1805 1806 1690
1450 1349 1289 1265 1240
1451 1289 1265 1240 1171
1452 1289 1265 1171 1159
1453 1895 1942 1946 1918
1454 151 115 104 61
1455 1122 1147 1071 1053
1456 1147 1071 1053 1070
1457 1274 1342 1257 1237
1458 1257 1274 1237 1185
1459 1237 1257 1185 1317
1460 1257 1274 1185 1146
1461 509 428 499 360
1462 210 280 250 191
1463 250 210 191 194
1464 191 250 194 202
1465 191 250 202 234
1466 191 250 234 352
1467 194 191 202 135
1468 194 191 135 210
1469 202 191 234 164
1470 250 202 234 296
1471 250 194 202 272
1472 234 250 296 352
1473 250 202 296 272
1474 250 194 272 299
1475 769 785 796 870
1476 1685 1721 1725 1634
1477 1721 1725 1634 1643
1478 1685 1721 1634 1637
1479 1725 1634 1643 1677
1480 887 880 793 822
1481 589 542 690 488
1482 589 542 488 445
1483 182 231 281 237
1484 281 182 237 199
1485 182 237 199 196
1486 182 231 237 270
1487 1734 1715 1657 1654
1488 1804 1793 1690 1806
1489 1957 1903 1885 1929
1490 1903 1885 1929 1772
1491 284 323 270 391
1492 937 993 877 940
1493 877 937 940 824
1494 940 877 824 934
1495 877 937 824 690
1496 1177 1253 1273 1220
1497 1177 1253 1220 1212
1498 1253 1220 1212 1279
1499 1220 1212 1279 1179
1500 1279 1220 1179 1250
1501 1220 1212 1179 1106
1502 687 603 589 539
1503 603 589 539 445
1504 1897 1873 1822 1719
1505 1906 1921 1870 1833
1506 1903 1953 1869 1918
1507 113 182 129 136
1508 1977 1980 1929 1957
1509 987 910 867 926
1510 910 867 926 811
1511 910 867 811 652
1512 428 518 432 402
1513 428 518 402 505
1514 428 518 505 509
1515 505 428 509 375
1516 1392 1495 1469 1455
1517 1392 1495 1455 1499
1518 1495 1455 1499 1529
1519 1455 1499 1529 1444
1520 1529 1455 1444 1478
1521 1455 1499 1444 1416
1522 1718 1805 1694 1665
1523 1694 1718 1665 1601
1524 1718 1665 1601 1647
1525 1718 1665 1647 1686
1526 1718 1665 1686 1792
1527 1601 1718 1647 1675
1528 1718 1647 1675 1712
1529 1718 1647 1712 1686
1530 1601 1718 1675 1641
1531 1939 1896 1841 1877
1532 1748 1825 1840 1847
1533 1915 1907 1896 1794
1534 1907 1896 1794 1868
1535 1915 1907 1794 1900
1536 1265 1240 1171 1184
1537 687 603 539 521
1538 603 539 521 445
1539 539 521 445 459
1540 539 521 459 652
1541 1046 1153 1096 1100
1542 1046 1153 1100 1106
1543 696 568 692 655
1544 1284 1365 1331 1301
1545 1284 1365 1301 1323
1546 1506 1589 1553 1491
1547 1341 1388 1386 1350
1548 60 86 62 91
1549 1747 1725 1643 1677
1550 1825 1757 1840 1837
1551 1204 1300 1258 1254
1552 1249 1327 1234 1245
1553 1249 1327 1245 1345
1554 1623 1653 1617 1559
1555 1390 1474 1426 1380
1556 1390 1474 1380 1416
1557 696 692 796 655
1558 1694 1593 1641 1601
1559 1593 1641 1601 1519
1560 1122 1147 1053 1107
1561 1147 1053 1107 1070
1562 1053 1107 1070 1013
1563 1053 1107 1013 1159
1564 1171 1265 1184 1122
1565 867 926 811 830
1566 811 867 830 687
1567 315 283 400 335
1568 283 400 335 389
1569 787 687 824 830
1570 787 687 830 867
1571 687 824 830 800
1572 830 687 800 740
1573 830 687 740 811
1574 824 787 830 934
1575 740 830 811 926
1576 800 830 740 885
1577 800 830 885 914
1578 800 830 914 824
1579 830 914 824 934
1580 830 740 885 926
1581 885 830 926 914
1582 687 800 740 633
1583 914 800 824 876
1584 824 914 876 940
1585 824 914 940 934
1586 914 876 940 1012
1587 940 914 1012 1021
1588 940 914 1021 934
1589 876 824 940 937
1590 876 940 1012 985
1591 876 940 985 937
1592 1012 940 1021 1043
1593 940 1012 985 1043
1594 985 940 1043 937
1595 1012 985 1043 1067
1596 985 1043 1067 1068
1597 985 1043 1068 1014
1598 1068 985 1014 995
1599 1014 1068 995 1074
1600 1068 995 1074 1129
1601 995 1074 1129 1050
1602 995 1074 1050 955
1603 995 1074 955 1014
1604 1129 995 1050 1019
1605 940 1021 1043 993
1606 1129 995 1019 1067
1607 914 1012 1021 992
1608 1068 995 1129 1067
1609 955 995 1014 985
1610 1021 914 992 926
1611 830 787 867 934
1612 914 876 1012 906
1613 995 1050 1019 939
1614 995 1050 939 955
1615 939 995 955 898
1616 995 955 898 985
1617 898 995 985 1019
1618 740 687 633 539
1619 914 1012 992 906
1620 687 800 633 589
1621 1068 985 995 1067
1622 1043 1067 1068 1152
1623 1433 1477 1547 1447
1624 1433 1477 1447 1365
1625 1477 1547 1447 1526
1626 1477 1547 1526 1531
1627 1447 1477 1526 1441
1628 1447 1477 1441 1365
1629 1526 1477 1531 1441
1630 1725 1737 1721 1827
1631 29 31 23 67
1632 913 870 915 806
1633 870 915 806 860
1634 1227 1122 1185 1184
1635 1227 1122 1184 1265
1636 1122 1185 1184 1098
1637 1184 1122 1098 1094
1638 1184 1122 1094 1171
1639 1185 1227 1184 1317
1640 1094 1184 1171 1240
1641 1098 1184 1094 1158
1642 1098 1184 1158 1209
1643 1098 1184 1209 1185
1644 1184 1209 1185 1317
1645 1184 1094 1158 1240
1646 1158 1184 1240 1209
1647 1122 1098 1094 1000
1648 1209 1098 1185 1144
1649 1185 1209 1144 1237
1650 1185 1209 1237 1317
1651 1209 1144 1237 1214
1652 1237 1209 1214 1302
1653 1237 1209 1302 1317
1654 1144 1185 1237 1274
1655 1144 1237 1214 1232
1656 1144 1237 1232 1274
1657 1214 1237 1302 1304
1658 1237 1214 1232 1304
1659 1232 1237 1304 1274
1660 1214 1232 1304 1242
1661 1232 1304 1242 1307
1662 1232 1304 1307 1287
1663 1307 1232 1287 1218
1664 1287 1307 1218 1277
1665 1307 1218 1277 1255
1666 1218 1277 1255 1187
1667 1218 1277 1187 1207
1668 1218 1277 1207 1287
1669 1255 1218 1187 1150
1670 1237 1302 1304 1342
1671 1255 1218 1150 1242
1672 1209 1214 1302 1228
1673 1307 1218 1255 1242
1674 1207 1218 1287 1232
1675 1302 1209 1228 1240
1676 1184 1227 1265 1317
1677 1209 1144 1214 1126
1678 1218 1187 1150 1114
1679 1218 1187 1114 1207
1680 1114 1218 1207 1155
1681 1218 1207 1155 1232
1682 1155 1218 1232 1150
1683 1094 1122 1000 1053
1684 1209 1214 1228 1126
1685 1122 1098 1000 1071
1686 1307 1232 1218 1242
1687 1304 1242 1307 1362
1688 1329 1410 1432 1376
1689 1329 1410 1376 1327
1690 1410 1432 1376 1480
1691 1410 1432 1480 1516
1692 1376 1410 1480 1412
1693 1376 1410 1412 1327
1694 1480 1410 1516 1412
1695 1830 1822 1865 1773
1696 1463 1392 1374 1380
1697 1374 1463 1380 1417
1698 1463 1380 1417 1426
1699 1463 1392 1380 1474
1700 1380 1463 1474 1426
1701 729 768 613 717
1702 1005 968 1027 920
1703 968 1027 920 984
1704 1254 1208 1170 1167
1705 745 743 847 681
1706 1380 1417 1426 1336
1707 1417 1426 1336 1471
1708 1417 1426 1471 1506
1709 1417 1426 1506 1463
1710 1471 1417 1506 1553
1711 1506 1417 1463 1491
1712 1417 1463 1491 1374
1713 1858 1929 1964 1908
1714 1858 1929 1908 1885
1715 1713 1781 1732 1679
1716 1732 1713 1679 1642
1717 1732 1713 1642 1649
1718 1713 1642 1649 1591
1719 1642 1649 1591 1556
1720 1265 1240 1184 1317
1721 236 177 162 191
1722 1556 1540 1587 1649
1723 1540 1587 1649 1589
1724 1989 1980 1976 1908
1725 1240 1289 1171 1223
1726 1289 1171 1223 1200
1727 1491 1445 1556 1425
1728 1209 1144 1126 1098
1729 1126 1209 1098 1158
1730 1098 1126 1158 1048
1731 1098 1126 1048 1023
1732 1098 1126 1023 1144
1733 1048 1098 1023 1000
1734 1126 1048 1023 1037
1735 1254 1328 1337 1258
1736 745 841 807 903
1737 841 807 903 976
1738 239 252 328 312
1739 328 239 312 345
1740 328 239 345 276
1741 239 252 312 223
1742 239 252 223 163
1743 1976 1947 1945 1908
1744 239 171 218 276
1745 171 218 276 259
1746 745 743 681 592
1747 745 743 592 737
1748 1740 1666 1649 1703
1749 1666 1649 1703 1642
1750 1649 1703 1642 1732
1751 1703 1642 1732 1729
1752 1732 1703 1729 1821
1753 1732 1703 1821 1713
1754 1732 1703 1713 1649
1755 1703 1642 1729 1666
1756 1649 1740 1703 1821
1757 1740 1703 1821 1666
1758 1703 1713 1649 1821
1759 244 254 201 327
1760 1043 1067 1152 1092
1761 1043 1067 1092 1012
1762 131 102 172 91
1763 1737 1756 1643 1673
1764 926 910 811 918
1765 910 811 918 788
1766 610 722 755 655
1767 755 610 655 644
1768 610 655 644 514
1769 610 655 514 568
1770 610 655 568 722
1771 514 610 568 473
1772 610 568 473 569
1773 655 514 568 583
1774 568 655 583 692
1775 655 755 644 785
1776 655 644 514 639
1777 655 644 639 785
1778 655 514 583 639
1779 514 610 473 526
1780 644 610 514 526
1781 644 610 526 737
1782 610 473 526 614
1783 514 644 526 517
1784 644 526 517 615
1785 644 526 615 743
1786 583 655 639 731
1787 568 610 722 569
1788 755 610 644 737
1789 1304 1242 1362 1314
1790 1304 1242 1314 1214
1791 86 60 102 91
1792 867 926 830 934
1793 1254 1208 1167 1204
1794 1208 1167 1204 1096
1795 1167 1204 1096 1156
1796 1167 1204 1156 1258
1797 1096 1167 1156 1039
1798 1156 1167 1258 1229
1799 743 861 847 886
1800 568 696 722 655
1801 1019 995 939 898
1802 1470 1395 1414 1493
1803 1395 1414 1493 1409
1804 1395 1414 1409 1337
1805 1395 1414 1337 1300
1806 1409 1395 1337 1340
1807 1337 1395 1300 1258
1808 1337 1414 1346 1300
1809 1300 1337 1258 1254
1810 1493 1409 1548 1487
1811 1493 1550 1470 1395
1812 1519 1601 1548 1549
1813 296 250 272 402
1814 1792 1793 1800 1718
1815 683 812 676 807
1816 1150 1218 1114 1155
1817 1328 1346 1337 1409
1818 1337 1328 1409 1340
1819 1253 1273 1220 1326
1820 914 876 906 800
1821 906 914 800 885
1822 800 906 885 820
1823 800 906 820 801
1824 800 906 801 876
1825 820 800 801 633
1826 906 820 801 900
1827 847 745 681 783
1828 847 745 783 903
1829 252 233 328 306
1830 166 165 147 218
1831 1068 1043 1152 1058
1832 1068 1043 1058 1014
1833 1058 1068 1014 1139
1834 1068 1014 1139 1074
1835 1800 1805 1718 1793
1836 1254 1296 1328 1238
1837 1620 1690 1711 1665
1838 1620 1690 1665 1694
1839 1491 1556 1587 1553
1840 1495 1469 1455 1537
1841 1307 1304 1362 1356
1842 1307 1304 1356 1287
1843 1356 1307 1287 1384
1844 1307 1287 1384 1277
1845 1633 1631 1586 1687
1846 432 352 411 428
1847 432 352 428 402
1848 352 411 428 291
1849 352 428 402 296
1850 166 239 218 246
1851 639 655 785 731
1852 1126 1048 1037 1125
1853 1126 1048 1125 1158
1854 175 259 227 218
1855 1296 1346 1328 1401
1856 1346 1328 1401 1409
1857 1296 1346 1401 1361
1858 1296 1346 1361 1260
1859 218 166 246 147
1860 1380 1417 1336 1374
1861 807 841 812 928
1862 841 812 928 793
1863 623 536 534 502
1864 623 536 502 600
1865 623 536 600 717
1866 502 623 600 685
1867 536 502 600 454
1868 600 536 454 597
1869 536 502 454 399
1870 454 600 597 531
1871 600 597 531 717
1872 600 597 717 536
1873 1253 1273 1326 1350
1874 1326 1253 1350 1312
1875 1326 1253 1312 1279
1876 1312 1326 1279 1408
1877 1328 1254 1238 1267
1878 1328 1254 1267 1258
1879 1254 1267 1258 1167
1880 1737 1756 1673 1837
1881 1556 1491 1425 1505
1882 1556 1491 1505 1553
1883 1491 1505 1553 1417
1884 73 40 86 74
1885 218 171 165 175
1886 171 165 175 104
1887 861 847 886 920
1888 861 847 920 903
1889 847 886 920 933
1890 920 847 933 917
1891 920 847 917 903
1892 920 861 903 1005
1893 847 933 917 831
1894 933 920 917 990
1895 917 933 990 930
1896 933 990 930 998
1897 933 990 998 1062
1898 990 998 1062 1146
1899 933 920 990 1027
1900 990 917 930 1000
1901 990 930 998 1044
1902 933 990 1062 1027
1903 990 930 1044 1000
1904 998 990 1044 1146
1905 917 847 831 783
1906 930 933 998 884
1907 847 933 831 814
1908 903 920 1005 975
1909 903 920 975 917
1910 920 975 917 990
1911 847 933 814 886
1912 933 998 884 1001
1913 814 847 886 743
1914 886 814 743 805
1915 886 814 805 925
1916 886 861 920 968
1917 861 920 968 1005
1918 886 861 968 915
1919 968 886 915 984
1920 886 915 984 925
1921 968 886 984 920
1922 930 933 884 831
1923 930 933 831 917
1924 884 930 831 848
1925 930 831 848 872
1926 930 831 872 917
1927 831 848 872 716
1928 848 930 872 947
1929 872 831 716 783
1930 930 872 947 1000
1931 1005 903 975 1041
1932 975 1005 1041 1070
1933 1041 975 1070 1013
1934 1041 975 1013 935
1935 975 1013 935 892
1936 975 1013 892 1053
1937 975 1013 1053 1070
1938 1041 975 935 903
1939 975 935 903 892
1940 975 1005 1070 1027
1941 1053 975 1070 990
1942 1013 935 892 931
1943 831 848 716 736
1944 892 1013 931 965
1945 892 1013 965 1053
1946 1013 965 1053 1078
1947 1053 1013 1078 1159
1948 998 933 1062 1001
1949 1062 998 1001 1083
1950 1062 998 1083 1146
1951 998 1001 1083 1015
1952 831 848 736 884
1953 848 930 947 962
1954 848 930 962 884
1955 831 847 814 681
1956 933 814 886 925
1957 814 743 805 615
1958 1013 935 931 1081
1959 814 847 743 681
1960 933 884 831 814
1961 933 884 814 925
1962 884 831 814 736
1963 814 884 736 808
1964 814 884 808 925
1965 930 947 962 1044
1966 886 920 933 984
1967 933 886 984 925
1968 1013 931 965 1078
1969 716 831 736 681
1970 743 861 886 806
1971 743 861 806 737
1972 806 743 737 644
1973 886 743 806 805
1974 743 806 805 644
1975 861 806 737 913
1976 861 886 806 915
1977 886 806 915 805
1978 915 886 805 925
1979 861 806 913 915
1980 928 976 943 807
1981 250 210 194 299
1982 119 191 135 202
1983 1240 1289 1223 1377
1984 1696 1654 1611 1566
1985 1700 1748 1633 1687
1986 1713 1642 1591 1679
1987 1643 1737 1673 1619
1988 1643 1737 1619 1675
1989 1737 1619 1675 1688
1990 1675 1737 1688 1718
1991 1619 1675 1688 1549
1992 1643 1737 1675 1721
1993 1737 1675 1721 1827
1994 1737 1675 1827 1718
1995 1737 1619 1688 1673
1996 569 616 568 450
1997 252 233 306 172
1998 210 318 220 300
1999 1214 1144 1232 1136
2000 1144 1232 1136 1155
2001 1144 1232 1155 1274
2002 641 777 782 684
2003 526 517 615 464
2004 1649 1713 1591 1618
2005 1713 1591 1618 1635
2006 1591 1618 1635 1532
2007 1591 1618 1532 1540
2008 1591 1618 1540 1649
2009 1540 1591 1649 1556
2010 1540 1591 1556 1445
2011 1532 1591 1540 1445
2012 1635 1591 1532 1560
2013 1618 1635 1532 1615
2014 1591 1532 1560 1445
2015 1532 1618 1615 1559
2016 1635 1591 1560 1679
2017 1618 1635 1615 1772
2018 1654 1734 1611 1657
2019 1254 1296 1238 1170
2020 143 120 220 170
2021 143 120 170 100
2022 143 120 100 67
2023 170 143 100 197
2024 120 170 100 96
2025 100 120 96 52
2026 120 170 96 114
2027 96 100 52 63
2028 100 52 63 67
2029 100 52 67 120
2030 801 906 900 919
2031 801 906 919 876
2032 1495 1469 1537 1559
2033 1537 1495 1559 1584
2034 1537 1495 1584 1529
2035 1584 1537 1529 1652
2036 1516 1480 1412 1513
2037 1516 1480 1513 1605
2038 1023 1126 1037 1136
2039 1074 1129 1050 1151
2040 233 328 306 335
2041 233 328 335 276
2042 328 306 335 420
2043 335 328 420 426
2044 335 328 426 276
2045 335 233 276 315
2046 328 420 426 441
2047 420 335 426 488
2048 426 420 488 537
2049 420 488 537 551
2050 420 488 551 530
2051 488 551 530 690
2052 420 335 488 400
2053 488 426 537 633
2054 488 537 551 640
2055 420 488 530 400
2056 488 537 640 633
2057 551 488 640 690
2058 426 328 441 345
2059 537 420 551 497
2060 328 420 441 370
2061 276 335 315 395
2062 276 335 395 426
2063 335 395 426 488
2064 328 420 370 306
2065 420 551 497 522
2066 370 328 306 252
2067 306 370 252 290
2068 306 370 290 382
2069 306 233 335 283
2070 233 335 283 315
2071 306 233 283 263
2072 283 306 263 389
2073 306 263 389 382
2074 283 306 389 335
2075 537 420 497 441
2076 537 420 441 426
2077 497 537 441 570
2078 537 441 570 547
2079 537 441 547 426
2080 441 570 547 480
2081 570 537 547 680
2082 547 441 480 345
2083 537 547 680 633
2084 315 276 395 379
2085 395 315 379 445
2086 379 395 445 459
2087 379 395 459 333
2088 395 459 333 413
2089 395 459 413 539
2090 395 459 539 445
2091 379 395 333 276
2092 395 333 276 413
2093 395 315 445 400
2094 539 395 445 488
2095 459 333 413 438
2096 441 570 480 452
2097 413 459 438 550
2098 413 459 550 539
2099 459 550 539 579
2100 539 459 579 652
2101 551 420 530 522
2102 530 551 522 666
2103 530 551 666 690
2104 551 522 666 674
2105 441 570 452 497
2106 570 537 680 651
2107 570 537 651 497
2108 441 328 370 312
2109 420 370 306 382
2110 370 252 290 309
2111 370 252 309 312
2112 459 333 438 490
2113 370 328 252 312
2114 420 497 441 370
2115 420 497 370 382
2116 497 441 370 452
2117 370 497 452 436
2118 370 497 436 382
2119 537 680 651 640
2120 306 335 420 389
2121 420 306 389 382
2122 459 438 550 579
2123 480 441 452 312
2124 290 370 309 436
2125 906 820 900 951
2126 906 820 951 885
2127 1277 1255 1187 1241
2128 8 12 17 32
2129 1667 1747 1756 1643
2130 1491 1445 1425 1374
2131 1012 876 985 919
2132 683 745 807 625
2133 807 683 625 676
2134 518 402 505 607
2135 1208 1170 1167 1100
2136 1167 1208 1100 1096
2137 1208 1170 1100 1177
2138 1100 1208 1177 1153
2139 1100 1208 1153 1096
2140 1100 1167 1096 1047
2141 1167 1096 1047 1039
2142 1096 1047 1039 987
2143 1047 1039 987 926
2144 1096 1047 987 1100
2145 270 237 323 231
2146 1531 1526 1441 1510
2147 1531 1526 1510 1645
2148 926 910 918 1039
2149 1214 1232 1242 1136
2150 179 244 201 161
2151 201 179 161 125
2152 201 179 125 196
2153 438 413 550 482
2154 413 550 482 533
2155 413 550 533 633
2156 166 239 246 223
2157 166 163 239 223
2158 202 296 272 258
2159 1097 1027 990 1070
2160 1703 1729 1821 1666
2161 1106 1046 993 1021
2162 885 800 820 740
2163 96 100 63 126
2164 100 63 126 97
2165 100 63 97 62
2166 63 97 62 86
2167 97 62 86 91
2168 97 62 91 118
2169 97 62 118 100
2170 91 97 118 178
2171 118 97 100 148
2172 118 97 148 178
2173 62 91 118 67
2174 97 100 148 126
2175 148 97 126 154
2176 126 148 154 203
2177 126 148 203 170
2178 126 148 170 100
2179 203 126 170 194
2180 170 126 100 96
2181 170 126 96 135
2182 126 96 135 63
2183 148 203 170 197
2184 96 170 135 114
2185 135 96 114 64
2186 170 148 197 100
2187 148 154 203 219
2188 148 97 154 178
2189 148 154 219 178
2190 203 148 219 197
2191 148 219 197 178
2192 154 126 203 167
2193 126 203 167 194
2194 154 126 167 86
2195 63 97 86 126
2196 97 126 154 86
2197 170 126 135 194
2198 1756 1747 1861 1842
2199 1861 1756 1842 1837
2200 1313 1215 1251 1222
2201 1313 1215 1222 1264
2202 1254 1238 1267 1167
2203 569 616 450 577
2204 1713 1781 1679 1635
2205 86 40 62 63
2206 73 40 74 37
2207 1493 1487 1550 1395
2208 352 432 427 402
2209 1273 1177 1220 1152
2210 110 163 166 223
2211 1050 1019 939 999
2212 939 1050 999 952
2213 379 521 459 445
2214 1046 1096 987 1100
2215 1187 1150 1114 1082
2216 1114 1187 1082 1134
2217 1593 1565 1601 1665
2218 1719 1669 1610 1636
2219 1719 1669 1636 1657
2220 1669 1636 1657 1568
2221 1657 1669 1568 1571
2222 1719 1669 1657 1773
2223 1636 1657 1568 1611
2224 1610 1719 1636 1671
2225 1636 1719 1657 1742
2226 1657 1636 1742 1687
2227 1636 1742 1687 1702
2228 1742 1687 1702 1847
2229 1636 1742 1702 1671
2230 1671 1702 1602 1682
2231 1671 1702 1682 1746
2232 1602 1671 1682 1609
2233 1671 1682 1609 1710
2234 1602 1671 1609 1610
2235 1710 1682 1659 1789
2236 1346 1401 1361 1436
2237 542 400 488 445
2238 644 514 639 517
2239 1902 1878 1867 1775
2240 1902 1878 1775 1843
2241 1902 1878 1843 1925
2242 1843 1902 1925 1886
2243 1925 1843 1886 1869
2244 1878 1867 1775 1850
2245 1878 1775 1843 1768
2246 1878 1775 1768 1850
2247 1843 1878 1768 1910
2248 1843 1878 1910 1925
2249 1910 1843 1925 1833
2250 737 614 610 526
2251 1012 985 1067 967
2252 985 1067 967 1019
2253 537 551 640 651
2254 1362 1304 1314 1393
2255 1362 1304 1393 1356
2256 1304 1314 1393 1302
2257 312 239 223 246
2258 900 906 951 1002
2259 900 906 1002 919
2260 526 517 464 397
2261 526 517 397 514
2262 683 737 745 592
2263 1260 1254 1170 1296
2264 1220 1253 1326 1279
2265 1326 1220 1279 1250
2266 237 281 323 231
2267 163 131 172 209
2268 172 163 209 252
2269 163 209 252 223
2270 209 252 223 309
2271 209 252 309 290
2272 209 252 290 172
2273 614 737 683 592
2274 1158 1098 1048 1094
2275 1452 1540 1445 1532
2276 1144 1214 1126 1136
2277 931 892 965 844
2278 892 965 844 883
2279 892 965 883 1000
2280 1491 1452 1445 1374
2281 1037 1126 1125 1141
2282 1037 1126 1141 1136
2283 930 998 1044 962
2284 1152 1043 1092 1137
2285 1152 1043 1137 1058
2286 1043 1092 1137 1021
2287 568 616 692 531
2288 1434 1368 1442 1420
2289 1434 1368 1420 1348
2290 163 110 131 223
2291 1021 1012 1043 1092
2292 568 569 450 473
2293 450 568 473 442
2294 568 473 442 514
2295 473 442 514 397
2296 442 568 514 583
2297 514 442 583 475
2298 514 442 475 397
2299 473 450 442 342
2300 473 450 342 404
2301 473 450 404 569
2302 442 473 342 397
2303 583 514 475 639
2304 239 312 345 246
2305 86 73 74 123
2306 86 73 123 131
2307 123 86 131 154
2308 86 131 154 97
2309 86 131 97 91
2310 1452 1392 1469 1371
2311 1469 1452 1371 1461
2312 1469 1452 1461 1559
2313 1392 1452 1374 1371
2314 1519 1601 1549 1523
2315 1519 1601 1523 1641
2316 1601 1523 1641 1549
2317 1455 1495 1537 1529
2318 1537 1455 1529 1478
2319 1772 1807 1781 1908
2320 687 633 539 589
2321 179 270 244 213
2322 1122 1000 1053 1071
2323 1041 1107 1013 1070
2324 1416 1390 1342 1302
2325 1757 1718 1694 1641
2326 1763 1739 1714 1656
2327 1763 1739 1656 1726
2328 1763 1739 1726 1894
2329 1656 1763 1726 1717
2330 1656 1763 1717 1714
2331 1763 1726 1717 1833
2332 1717 1763 1833 1780
2333 1763 1726 1833 1894
2334 1833 1763 1894 1870
2335 1726 1833 1894 1869
2336 1726 1717 1833 1762
2337 1717 1833 1762 1768
2338 1491 1425 1505 1417
2339 517 644 615 672
2340 644 615 672 805
2341 517 644 672 639
2342 1957 1903 1929 1977
2343 1903 1929 1977 1881
2344 1903 1929 1881 1815
2345 241 152 184 200
2346 184 241 200 265
2347 184 241 265 339
2348 241 265 339 330
2349 265 339 330 417
2350 152 184 200 105
2351 200 184 265 193
2352 200 184 193 105
2353 184 265 193 271
2354 184 265 271 339
2355 265 271 339 417
2356 241 265 330 200
2357 683 745 625 592
2358 254 368 327 244
2359 876 1012 906 919
2360 1806 1700 1690 1804
2361 1700 1690 1804 1660
2362 681 745 592 625
2363 1390 1426 1349 1380
2364 615 526 464 592
2365 615 526 592 743
2366 454 600 531 583
2367 600 531 583 692
2368 1469 1392 1455 1362
2369 745 681 783 625
2370 1826 1787 1895 1724
2371 1631 1546 1586 1530
2372 1546 1586 1530 1482
2373 1546 1586 1482 1578
2374 1260 1177 1273 1221
2375 1273 1260 1221 1361
2376 1302 1214 1304 1314
2377 259 379 344 333
2378 379 344 333 490
2379 1067 1152 1092 1169
2380 1602 1609 1592 1507
2381 1067 1152 1169 1129
2382 252 312 223 309
2383 1530 1546 1482 1454
2384 1530 1546 1454 1523
2385 1546 1454 1523 1436
2386 1546 1482 1454 1436
2387 1482 1530 1454 1429
2388 1454 1482 1429 1361
2389 1482 1530 1429 1507
2390 1530 1429 1507 1494
2391 1507 1530 1494 1592
2392 1507 1530 1592 1602
2393 1530 1494 1592 1563
2394 1592 1530 1563 1631
2395 1429 1507 1494 1431
2396 1429 1507 1431 1439
2397 1429 1507 1439 1482
2398 1494 1507 1592 1555
2399 1494 1592 1563 1576
2400 1592 1494 1555 1576
2401 1507 1494 1431 1555
2402 1592 1563 1576 1655
2403 1592 1563 1655 1631
2404 1507 1431 1439 1498
2405 1530 1494 1563 1454
2406 1507 1431 1498 1555
2407 1439 1507 1498 1533
2408 1439 1507 1533 1501
2409 1439 1507 1501 1482
2410 1431 1429 1439 1351
2411 1576 1592 1655 1659
2412 1429 1439 1351 1383
2413 1429 1439 1383 1482
2414 1431 1429 1351 1382
2415 1530 1429 1494 1454
2416 1494 1429 1431 1382
2417 1563 1576 1655 1599
2418 1507 1592 1555 1609
2419 1563 1494 1576 1490
2420 1494 1576 1490 1485
2421 1494 1576 1485 1555
2422 1576 1563 1490 1599
2423 1431 1439 1498 1400
2424 1498 1431 1400 1458
2425 1439 1498 1400 1460
2426 1439 1498 1460 1533
2427 1431 1439 1400 1351
2428 1498 1431 1458 1555
2429 965 931 844 941
2430 844 965 941 911
2431 931 844 941 846
2432 931 844 846 778
2433 931 844 778 892
2434 965 931 941 1078
2435 844 965 911 883
2436 1431 1400 1458 1354
2437 1458 1431 1354 1437
2438 1431 1400 1354 1351
2439 1400 1458 1354 1378
2440 1458 1354 1378 1402
2441 1458 1354 1402 1437
2442 1400 1458 1378 1489
2443 1458 1378 1489 1473
2444 1458 1378 1473 1402
2445 1400 1458 1489 1498
2446 1458 1431 1437 1555
2447 941 844 911 827
2448 941 844 827 846
2449 844 911 827 798
2450 911 827 798 851
2451 911 941 827 946
2452 911 827 851 946
2453 911 941 946 1025
2454 941 946 1025 1026
2455 941 946 1026 921
2456 941 946 921 827
2457 911 941 1025 965
2458 1431 1354 1437 1382
2459 844 911 798 883
2460 827 798 851 694
2461 798 851 694 721
2462 827 798 694 706
2463 827 798 706 844
2464 851 694 721 753
2465 851 694 753 818
2466 851 694 818 827
2467 694 753 818 658
2468 818 694 658 664
2469 818 694 664 827
2470 694 721 753 587
2471 721 753 587 689
2472 721 753 689 845
2473 721 753 845 851
2474 694 753 658 587
2475 694 721 587 586
2476 721 587 586 575
2477 721 587 575 689
2478 586 721 575 675
2479 586 721 675 798
2480 694 721 586 798
2481 575 586 675 512
2482 586 675 512 631
2483 586 675 631 798
2484 675 512 631 716
2485 631 675 716 773
2486 716 631 773 783
2487 631 675 773 798
2488 675 773 798 853
2489 773 798 853 883
2490 773 798 883 844
2491 853 773 883 872
2492 773 883 872 783
2493 853 773 872 675
2494 883 773 844 783
2495 883 853 872 957
2496 872 883 957 1000
2497 773 798 844 706
2498 883 957 1000 911
2499 773 631 798 706
2500 575 586 512 449
2501 512 575 449 447
2502 512 575 447 580
2503 512 575 580 675
2504 586 512 449 469
2505 586 512 469 631
2506 449 586 469 504
2507 586 469 504 706
2508 449 586 504 587
2509 575 586 449 587
2510 798 851 721 853
2511 753 818 658 804
2512 818 658 804 781
2513 753 818 804 893
2514 753 818 893 851
2515 804 818 781 909
2516 804 818 909 893
2517 658 753 804 657
2518 804 658 657 671
2519 804 658 671 781
2520 658 753 657 587
2521 781 804 909 863
2522 804 909 863 927
2523 804 909 927 893
2524 909 863 927 977
2525 909 863 977 912
2526 909 863 912 781
2527 781 804 863 671
2528 863 927 977 942
2529 927 977 942 999
2530 942 927 999 889
2531 999 942 889 939
2532 889 999 939 1019
2533 942 889 939 839
2534 889 939 839 856
2535 889 939 856 967
2536 839 889 856 748
2537 839 889 748 863
2538 999 942 939 952
2539 942 889 839 863
2540 889 856 748 829
2541 889 856 829 919
2542 748 889 829 854
2543 748 889 854 863
2544 939 839 856 826
2545 939 889 1019 967
2546 889 829 854 949
2547 889 829 949 919
2548 829 949 919 873
2549 949 919 873 988
2550 949 919 988 967
2551 949 919 967 889
2552 919 829 873 801
2553 919 829 801 876
2554 919 873 988 900
2555 919 873 900 801
2556 873 949 988 958
2557 949 988 958 1051
2558 949 988 1051 1034
2559 949 988 1034 967
2560 1034 949 967 1019
2561 967 1034 1019 1067
2562 967 1034 1067 1012
2563 829 949 873 854
2564 873 949 958 854
2565 854 889 949 927
2566 854 889 927 863
2567 949 854 927 958
2568 1051 949 1034 1019
2569 942 927 889 863
2570 856 748 829 651
2571 856 748 651 839
2572 958 949 1051 927
2573 829 748 854 680
2574 829 748 680 651
2575 748 680 651 570
2576 651 748 570 671
2577 818 658 781 664
2578 977 863 942 961
2579 512 449 469 376
2580 512 449 376 447
2581 449 469 376 357
2582 376 449 357 322
2583 376 449 322 447
2584 449 469 357 504
2585 469 512 376 457
2586 469 512 457 631
2587 512 376 457 431
2588 512 376 431 447
2589 376 457 431 338
2590 376 457 338 346
2591 376 457 346 469
2592 457 431 338 456
2593 431 338 456 374
2594 431 338 374 311
2595 431 338 311 376
2596 457 431 456 565
2597 457 431 565 512
2598 431 456 565 525
2599 431 456 525 374
2600 565 431 525 580
2601 457 338 346 398
2602 346 457 398 472
2603 346 457 472 469
2604 338 346 398 274
2605 338 346 274 245
2606 338 346 245 376
2607 346 398 274 343
2608 346 398 343 472
2609 398 274 343 334
2610 343 398 334 451
2611 343 398 451 472
2612 398 274 334 326
2613 398 274 326 338
2614 274 334 326 235
2615 326 274 235 230
2616 326 274 230 338
2617 274 334 235 238
2618 334 235 238 342
2619 274 334 238 343
2620 457 338 398 456
2621 357 376 322 245
2622 456 565 525 602
2623 525 456 602 492
2624 456 565 602 561
2625 456 602 492 464
2626 456 565 561 457
2627 565 525 602 682
2628 525 602 682 647
2629 525 602 647 492
2630 565 525 682 580
2631 602 565 682 736
2632 682 602 736 808
2633 565 682 736 716
2634 525 456 492 374
2635 334 398 326 397
2636 326 334 397 235
2637 334 398 397 451
2638 397 334 451 473
2639 469 376 357 346
2640 1058 1068 1139 1152
2641 1068 1139 1152 1168
2642 1068 1139 1168 1074
2643 1152 1068 1168 1129
2644 1068 1168 1129 1074
2645 1168 1129 1074 1234
2646 1373 1323 1306 1418
2647 930 998 962 884
2648 657 804 671 748
2649 1490 1494 1485 1382
2650 1122 1185 1098 1071
2651 1378 1400 1489 1370
2652 1378 1400 1370 1297
2653 1400 1489 1370 1460
2654 1400 1370 1297 1335
2655 1297 1400 1335 1351
2656 1370 1297 1335 1271
2657 1370 1297 1271 1294
2658 1297 1335 1271 1230
2659 1297 1271 1294 1201
2660 1297 1271 1201 1230
2661 1271 1294 1201 1217
2662 1294 1201 1217 1206
2663 1294 1201 1206 1248
2664 1294 1201 1248 1297
2665 1271 1294 1217 1347
2666 1400 1370 1335 1460
2667 1370 1297 1294 1378
2668 1297 1335 1230 1351
2669 1335 1271 1230 1278
2670 1230 1335 1278 1262
2671 1335 1271 1278 1376
2672 1278 1335 1376 1262
2673 1271 1230 1278 1172
2674 1230 1278 1172 1168
2675 1271 1230 1172 1201
2676 1230 1335 1262 1351
2677 1206 1294 1248 1305
2678 1294 1248 1305 1378
2679 1206 1294 1305 1283
2680 1294 1305 1283 1347
2681 1283 1294 1347 1217
2682 1248 1206 1305 1216
2683 1305 1248 1216 1318
2684 1305 1248 1318 1378
2685 1206 1305 1216 1231
2686 1206 1305 1231 1283
2687 1305 1216 1231 1299
2688 1305 1216 1299 1318
2689 1248 1206 1216 1143
2690 1248 1206 1143 1201
2691 1216 1231 1299 1196
2692 1216 1231 1196 1131
2693 1216 1231 1131 1206
2694 1206 1216 1143 1131
2695 1231 1299 1196 1268
2696 1299 1196 1268 1281
2697 1299 1196 1281 1243
2698 1299 1196 1243 1216
2699 1231 1299 1268 1332
2700 1231 1299 1332 1305
2701 1196 1231 1268 1164
2702 1196 1231 1164 1131
2703 1268 1231 1332 1293
2704 1231 1268 1164 1293
2705 1206 1294 1283 1217
2706 1216 1248 1143 1211
2707 1216 1248 1211 1318
2708 1248 1143 1211 1193
2709 1248 1143 1193 1201
2710 1211 1248 1193 1292
2711 1211 1248 1292 1318
2712 1143 1216 1211 1128
2713 1216 1211 1128 1243
2714 1248 1193 1292 1297
2715 1143 1216 1128 1131
2716 1143 1211 1193 1108
2717 1193 1143 1108 1085
2718 1211 1193 1108 1190
2719 1211 1193 1190 1292
2720 1143 1108 1085 988
2721 1143 1211 1108 1128
2722 1193 1143 1085 1201
2723 1108 1193 1085 1127
2724 1108 1193 1127 1190
2725 1193 1085 1127 1163
2726 1193 1085 1163 1201
2727 1127 1193 1163 1233
2728 1127 1193 1233 1190
2729 1193 1163 1233 1297
2730 1085 1108 1127 1002
2731 1268 1196 1164 1197
2732 1268 1196 1197 1281
2733 1196 1164 1197 1095
2734 1196 1164 1095 1131
2735 1164 1268 1197 1219
2736 1197 1196 1095 1176
2737 1197 1196 1176 1281
2738 1196 1095 1176 1112
2739 1196 1095 1112 1131
2740 1095 1197 1176 1116
2741 1197 1176 1116 1223
2742 1095 1197 1116 1113
2743 1095 1176 1112 1052
2744 1197 1116 1113 1235
2745 1095 1197 1113 1164
2746 1095 1176 1052 1116
2747 1085 1127 1163 1002
2748 1278 1271 1172 1245
2749 1271 1172 1245 1217
2750 1245 1271 1217 1347
2751 1278 1271 1245 1376
2752 1489 1378 1370 1396
2753 1489 1378 1396 1473
2754 1378 1370 1396 1294
2755 1370 1489 1396 1412
2756 1271 1370 1294 1347
2757 1278 1230 1262 1188
2758 1230 1262 1188 1169
2759 1188 1230 1169 1129
2760 1262 1188 1169 1152
2761 1188 1169 1152 1129
2762 1278 1230 1188 1168
2763 1188 1278 1168 1225
2764 1168 1188 1225 1180
2765 1168 1188 1180 1152
2766 1168 1188 1152 1129
2767 1188 1180 1152 1250
2768 1168 1188 1129 1230
2769 1180 1168 1152 1139
2770 1180 1168 1139 1225
2771 1152 1180 1139 1179
2772 1180 1139 1179 1250
2773 1180 1139 1250 1225
2774 1179 1180 1250 1152
2775 1168 1139 1225 1074
2776 1262 1278 1188 1282
2777 1188 1262 1282 1250
2778 1278 1188 1282 1225
2779 1262 1278 1282 1358
2780 1282 1262 1358 1343
2781 1262 1358 1343 1398
2782 1262 1358 1398 1376
2783 1262 1278 1358 1376
2784 1278 1358 1376 1329
2785 1358 1376 1329 1432
2786 1358 1376 1432 1449
2787 1358 1376 1449 1398
2788 1449 1358 1398 1446
2789 1282 1262 1343 1250
2790 1343 1282 1250 1344
2791 1282 1250 1344 1225
2792 1282 1250 1225 1188
2793 1344 1282 1225 1278
2794 1343 1282 1344 1358
2795 1282 1344 1358 1278
2796 1344 1343 1358 1446
2797 1358 1343 1398 1446
2798 1343 1262 1398 1383
2799 1262 1398 1383 1351
2800 1163 1127 1233 1221
2801 1378 1400 1297 1354
2802 1335 1370 1271 1376
2803 1201 1271 1217 1172
2804 906 951 1002 992
2805 1673 1643 1619 1580
2806 1643 1619 1580 1557
2807 1673 1643 1580 1667
2808 1619 1580 1557 1549
2809 1557 1619 1549 1675
2810 1619 1673 1580 1607
2811 1619 1673 1607 1691
2812 1619 1673 1691 1688
2813 1691 1619 1688 1632
2814 1688 1691 1632 1736
2815 1688 1691 1736 1850
2816 1632 1688 1736 1641
2817 1632 1688 1641 1619
2818 1736 1632 1641 1631
2819 1632 1641 1631 1523
2820 1632 1641 1523 1549
2821 1641 1632 1619 1549
2822 1691 1632 1736 1655
2823 1673 1691 1688 1737
2824 1691 1688 1737 1837
2825 1691 1688 1837 1850
2826 1631 1632 1523 1563
2827 1691 1619 1632 1607
2828 1736 1632 1631 1655
2829 1673 1580 1607 1624
2830 1580 1607 1624 1520
2831 1673 1607 1691 1768
2832 1607 1624 1520 1599
2833 1520 1607 1599 1563
2834 1607 1624 1599 1768
2835 1607 1599 1563 1655
2836 1624 1520 1599 1574
2837 1520 1599 1574 1490
2838 1624 1520 1574 1539
2839 1520 1574 1539 1468
2840 1520 1574 1468 1490
2841 1539 1520 1468 1451
2842 1574 1539 1468 1522
2843 1574 1539 1522 1656
2844 1468 1539 1451 1456
2845 1539 1451 1456 1500
2846 1539 1451 1500 1580
2847 1451 1468 1456 1369
2848 1451 1468 1369 1411
2849 1451 1468 1411 1520
2850 1624 1520 1539 1580
2851 1468 1456 1369 1406
2852 1369 1468 1406 1381
2853 1369 1468 1381 1411
2854 1406 1369 1381 1308
2855 1406 1369 1308 1355
2856 1406 1369 1355 1456
2857 1381 1406 1308 1353
2858 1308 1381 1353 1286
2859 1308 1381 1286 1291
2860 1308 1381 1291 1369
2861 1381 1406 1353 1459
2862 1353 1381 1459 1394
2863 1353 1381 1394 1286
2864 1381 1406 1459 1468
2865 1468 1456 1406 1522
2866 1539 1520 1451 1580
2867 1451 1456 1500 1397
2868 1451 1456 1397 1369
2869 1500 1451 1397 1453
2870 1500 1451 1453 1580
2871 1397 1500 1453 1443
2872 1500 1453 1443 1543
2873 1500 1453 1543 1580
2874 1456 1500 1397 1430
2875 1397 1500 1443 1430
2876 1456 1500 1430 1510
2877 1430 1456 1510 1441
2878 1510 1430 1441 1486
2879 1510 1430 1486 1551
2880 1500 1430 1510 1551
2881 1673 1580 1624 1668
2882 1673 1580 1668 1667
2883 1580 1624 1668 1539
2884 1624 1673 1668 1780
2885 1580 1607 1520 1517
2886 1580 1607 1517 1619
2887 1520 1580 1517 1451
2888 1607 1520 1517 1563
2889 1451 1397 1453 1367
2890 1451 1397 1367 1369
2891 1453 1451 1367 1464
2892 1451 1367 1464 1411
2893 1397 1453 1367 1360
2894 1367 1397 1360 1261
2895 1367 1397 1261 1369
2896 1397 1453 1360 1443
2897 1453 1367 1360 1399
2898 1367 1360 1399 1295
2899 1367 1360 1295 1261
2900 1453 1367 1399 1464
2901 1360 1453 1399 1404
2902 1453 1451 1464 1580
2903 1397 1360 1261 1338
2904 1397 1360 1338 1443
2905 1261 1397 1338 1355
2906 1360 1261 1338 1222
2907 1261 1338 1222 1306
2908 1360 1399 1295 1321
2909 1643 1619 1557 1675
2910 1397 1456 1430 1355
2911 1539 1468 1522 1456
2912 1580 1643 1557 1543
2913 1607 1673 1624 1768
2914 1406 1308 1353 1333
2915 1406 1308 1333 1355
2916 1308 1353 1333 1252
2917 1353 1333 1252 1334
2918 1333 1252 1334 1259
2919 1252 1334 1259 1226
2920 1252 1334 1226 1310
2921 1252 1334 1310 1353
2922 1353 1406 1333 1424
2923 1406 1333 1424 1422
2924 1406 1333 1422 1355
2925 1333 1353 1424 1334
2926 1353 1406 1424 1459
2927 1333 1252 1259 1236
2928 1333 1252 1236 1308
2929 1252 1259 1236 1165
2930 1252 1259 1165 1226
2931 1236 1252 1165 1178
2932 1236 1252 1178 1308
2933 1165 1236 1178 1084
2934 1236 1178 1084 1203
2935 1236 1178 1203 1308
2936 1165 1236 1084 1160
2937 1236 1084 1160 1202
2938 1236 1084 1202 1203
2939 1165 1236 1160 1259
2940 1259 1333 1236 1301
2941 1424 1406 1422 1522
2942 1334 1259 1226 1309
2943 1226 1334 1309 1314
2944 1259 1226 1309 1198
2945 1226 1309 1198 1242
2946 1309 1198 1242 1255
2947 1226 1309 1242 1314
2948 1198 1242 1255 1150
2949 1255 1198 1150 1189
2950 1198 1150 1189 1086
2951 1198 1150 1086 1136
2952 1198 1242 1150 1136
2953 1255 1198 1189 1259
2954 1189 1198 1086 1165
2955 1242 1309 1255 1307
2956 1309 1242 1314 1362
2957 1309 1242 1362 1307
2958 1150 1189 1086 1082
2959 1198 1226 1242 1136
2960 1314 1309 1362 1389
2961 1309 1362 1389 1387
2962 1309 1362 1387 1330
2963 1309 1362 1330 1307
2964 1362 1330 1307 1384
2965 1330 1307 1384 1277
2966 1362 1330 1384 1387
2967 1307 1362 1384 1356
2968 1362 1389 1387 1478
2969 1387 1309 1330 1325
2970 1330 1309 1307 1255
2971 1307 1330 1255 1277
2972 1330 1309 1255 1325
2973 1255 1330 1325 1405
2974 1330 1255 1277 1405
2975 1309 1255 1325 1259
2976 1325 1309 1259 1334
2977 1198 1086 1165 1138
2978 1086 1165 1138 1065
2979 1086 1165 1065 1084
2980 1198 1086 1138 1136
2981 1138 1086 1065 1030
2982 1138 1086 1030 1136
2983 1086 1065 1030 991
2984 1086 1065 991 1084
2985 1309 1198 1255 1259
2986 1387 1309 1325 1334
2987 1150 1255 1189 1187
2988 1030 1086 991 1040
2989 1389 1309 1387 1334
2990 1389 1309 1334 1314
2991 1030 1086 1040 1136
2992 1086 991 1040 1082
2993 1040 1086 1082 1150
2994 1082 1040 1150 1114
2995 1082 1040 1114 1008
2996 1082 1040 1008 983
2997 1082 1040 983 991
2998 1008 1082 983 1020
2999 1040 983 991 922
3000 1082 983 1020 1077
3001 1008 1082 1020 1134
3002 1082 983 1077 991
3003 983 991 922 879
3004 983 991 879 1003
3005 983 991 1003 1077
3006 1040 983 922 1008
3007 1003 983 1077 986
3008 1040 1086 1150 1136
3009 1077 1003 986 1061
3010 1077 1003 1061 1115
3011 1077 1003 1115 991
3012 1020 1082 1077 1148
3013 922 983 879 878
3014 922 983 878 1008
3015 879 983 1003 986
3016 983 879 878 986
3017 991 879 1003 963
3018 1114 1082 1008 1134
3019 1003 1061 1115 1042
3020 1003 1061 1042 950
3021 1115 1003 1042 1084
3022 1003 1061 950 986
3023 983 1020 1077 986
3024 991 879 963 905
3025 991 879 905 922
3026 1061 1077 1115 1162
3027 1077 1115 1162 1160
3028 1061 1077 1162 1089
3029 1162 1061 1089 1149
3030 1061 1089 1149 1031
3031 1061 1089 1031 972
3032 991 1040 922 1030
3033 986 1077 1061 1089
3034 1061 986 1089 972
3035 1003 991 963 1084
3036 1065 1030 991 905
3037 1362 1314 1389 1392
3038 1065 1138 1030 1049
3039 1138 1030 1049 1141
3040 1049 1138 1141 1192
3041 1138 1141 1192 1226
3042 1141 1049 1192 1102
3043 1141 1049 1102 1037
3044 1141 1049 1037 1030
3045 1192 1141 1102 1224
3046 1192 1141 1224 1226
3047 1141 1102 1224 1125
3048 1141 1102 1125 1037
3049 1049 1138 1192 1065
3050 1102 1192 1224 1211
3051 1198 1189 1259 1165
3052 1030 1065 1049 905
3053 1049 1192 1102 1064
3054 1102 1049 1064 994
3055 1102 1049 994 1037
3056 1192 1102 1064 1108
3057 1064 1102 994 1108
3058 983 1008 1020 878
3059 1178 1084 1203 1111
3060 1203 1178 1111 1199
3061 1178 1084 1111 1065
3062 1111 1203 1199 1157
3063 1203 1199 1157 1261
3064 1084 1203 1111 1121
3065 1111 1203 1157 1121
3066 1084 1203 1121 1202
3067 1203 1178 1199 1308
3068 1178 1111 1199 1099
3069 1178 1111 1099 1065
3070 1199 1178 1099 1286
3071 1111 1199 1099 1101
3072 1199 1099 1101 1183
3073 1199 1099 1183 1286
3074 1099 1101 1183 1072
3075 1099 1101 1072 1017
3076 1099 1101 1017 1111
3077 1111 1199 1101 1157
3078 1101 1183 1072 1133
3079 1072 1101 1133 992
3080 1101 1183 1133 1205
3081 1101 1183 1205 1199
3082 1183 1072 1133 1221
3083 1183 1133 1205 1221
3084 1111 1084 1121 1042
3085 1133 1101 1205 1110
3086 1133 1101 1110 992
3087 1101 1205 1110 1157
3088 1205 1133 1110 1170
3089 1205 1133 1170 1221
3090 1133 1110 1170 1100
3091 1110 1205 1170 1238
3092 1205 1170 1238 1296
3093 1238 1205 1296 1290
3094 1238 1205 1290 1157
3095 1205 1296 1290 1266
3096 1290 1205 1266 1199
3097 1205 1296 1266 1221
3098 1296 1238 1290 1328
3099 1110 1205 1238 1157
3100 1259 1226 1198 1165
3101 1308 1353 1252 1286
3102 1226 1252 1310 1192
3103 1178 1165 1084 1065
3104 1334 1333 1259 1325
3105 1333 1424 1422 1391
3106 1422 1333 1391 1301
3107 1333 1424 1391 1334
3108 1424 1422 1391 1447
3109 1422 1391 1447 1301
3110 1252 1165 1178 1192
3111 1084 1165 1160 1086
3112 1165 1160 1086 1189
3113 1160 1086 1189 1077
3114 1165 1160 1189 1259
3115 1160 1189 1259 1301
3116 1468 1574 1522 1459
3117 1697 1654 1696 1566
3118 1453 1443 1543 1512
3119 689 721 845 770
3120 721 845 770 853
3121 689 721 770 575
3122 845 689 770 855
3123 770 845 855 894
3124 845 855 894 994
3125 845 689 855 873
3126 770 845 894 853
3127 689 770 855 665
3128 689 770 665 575
3129 770 855 665 817
3130 855 689 665 698
3131 689 665 698 533
3132 855 689 698 873
3133 855 665 817 786
3134 817 855 786 923
3135 855 665 786 698
3136 855 786 923 900
3137 817 855 923 894
3138 665 817 786 780
3139 817 786 780 865
3140 665 817 780 667
3141 665 817 667 770
3142 786 780 865 765
3143 786 780 765 550
3144 780 865 765 779
3145 865 765 779 875
3146 865 765 875 895
3147 865 765 895 786
3148 780 865 779 879
3149 765 780 779 618
3150 765 780 618 550
3151 780 779 618 660
3152 779 618 660 703
3153 779 618 703 746
3154 779 618 746 765
3155 618 780 660 538
3156 618 780 538 550
3157 780 779 660 776
3158 779 660 776 732
3159 779 660 732 703
3160 780 779 776 879
3161 780 660 538 667
3162 817 786 865 923
3163 817 780 667 905
3164 786 665 780 550
3165 875 865 895 963
3166 855 770 894 817
3167 779 865 875 896
3168 779 865 896 879
3169 865 875 896 963
3170 896 865 963 879
3171 963 896 879 1003
3172 963 896 1003 1042
3173 896 879 1003 986
3174 896 1003 1042 950
3175 896 1003 950 986
3176 1042 896 950 875
3177 875 779 896 874
3178 779 896 874 858
3179 896 875 874 950
3180 874 896 950 858
3181 896 950 858 986
3182 950 874 858 904
3183 950 874 904 969
3184 874 779 858 703
3185 875 779 874 746
3186 779 896 858 879
3187 660 618 538 506
3188 660 618 506 703
3189 618 538 506 438
3190 538 660 506 513
3191 660 506 513 642
3192 660 506 642 703
3193 538 660 513 667
3194 506 513 642 424
3195 642 506 424 594
3196 506 513 424 394
3197 506 513 394 538
3198 424 506 394 385
3199 424 506 385 444
3200 394 424 385 304
3201 394 424 304 378
3202 394 424 378 513
3203 424 385 304 308
3204 513 642 424 516
3205 642 424 516 608
3206 424 513 516 378
3207 513 642 516 673
3208 516 513 673 545
3209 673 516 545 636
3210 673 516 636 659
3211 673 516 659 642
3212 513 642 673 660
3213 516 513 545 378
3214 513 673 545 632
3215 673 545 632 718
3216 513 673 632 660
3217 545 513 632 580
3218 632 545 580 718
3219 673 545 718 636
3220 632 673 718 790
3221 632 673 790 660
3222 673 718 790 878
3223 718 632 790 775
3224 718 632 775 580
3225 632 775 580 667
3226 580 632 667 513
3227 632 775 667 790
3228 667 632 790 660
3229 790 718 775 849
3230 775 790 849 922
3231 790 849 922 878
3232 790 849 878 718
3233 849 922 878 1008
3234 922 790 878 879
3235 790 878 879 794
3236 790 878 794 673
3237 879 790 794 776
3238 879 790 776 825
3239 776 879 825 905
3240 879 825 905 922
3241 825 905 922 902
3242 825 905 902 894
3243 790 794 776 660
3244 790 776 825 667
3245 825 776 905 780
3246 794 879 776 732
3247 776 794 732 660
3248 794 732 660 642
3249 794 879 732 858
3250 732 794 858 840
3251 858 732 840 703
3252 732 794 840 738
3253 794 858 840 986
3254 732 794 738 642
3255 840 732 738 642
3256 858 732 703 779
3257 858 732 779 879
3258 794 840 738 857
3259 794 840 857 986
3260 794 879 858 986
3261 738 794 857 673
3262 776 879 905 780
3263 922 825 902 775
3264 825 902 775 667
3265 775 825 667 790
3266 775 825 790 922
3267 879 825 922 790
3268 840 738 857 774
3269 840 738 774 642
3270 879 776 732 779
3271 738 794 673 642
3272 673 738 642 659
3273 738 642 659 774
3274 673 738 659 857
3275 659 738 774 857
3276 878 879 794 986
3277 825 905 894 770
3278 776 825 667 780
3279 776 790 660 667
3280 905 902 894 1030
3281 849 775 922 908
3282 922 849 908 979
3283 922 849 979 1008
3284 849 979 1008 948
3285 979 1008 948 1114
3286 979 1008 1114 1040
3287 979 1008 1040 922
3288 1040 979 922 989
3289 1040 979 989 1079
3290 1040 979 1079 1114
3291 1079 1040 1114 1150
3292 1114 1079 1150 1155
3293 1114 1079 1155 1063
3294 1114 1079 1063 979
3295 1079 1155 1063 1069
3296 1079 1155 1069 1136
3297 1063 1079 1069 979
3298 849 908 979 948
3299 1079 1155 1136 1150
3300 979 989 1079 1069
3301 979 922 989 908
3302 989 979 908 947
3303 908 989 947 902
3304 908 989 902 922
3305 1136 1079 1150 1040
3306 989 1040 1079 1136
3307 1155 1063 1069 1173
3308 922 1040 989 1030
3309 1040 989 1030 1136
3310 902 908 922 775
3311 1155 1114 1063 1207
3312 849 775 908 848
3313 424 304 378 355
3314 424 304 355 308
3315 304 378 355 264
3316 378 355 264 374
3317 378 424 355 516
3318 304 378 264 282
3319 304 378 282 394
3320 378 264 282 311
3321 282 378 311 396
3322 311 282 396 322
3323 264 282 311 212
3324 282 311 212 269
3325 282 311 269 322
3326 212 282 269 246
3327 282 269 246 322
3328 269 246 322 223
3329 269 212 246 206
3330 246 269 206 223
3331 311 212 269 245
3332 282 378 396 394
3333 378 396 394 513
3334 396 282 394 337
3335 394 396 337 482
3336 396 282 337 322
3337 269 212 206 245
3338 264 282 212 211
3339 282 212 211 246
3340 264 282 211 304
3341 355 304 264 243
3342 264 355 243 279
3343 355 304 243 308
3344 304 264 243 211
3345 243 264 279 187
3346 243 264 187 211
3347 264 279 187 242
3348 279 187 242 216
3349 279 187 216 214
3350 279 243 187 214
3351 264 279 242 351
3352 279 242 351 319
3353 264 279 351 355
3354 242 264 351 374
3355 351 242 374 363
3356 374 351 363 492
3357 264 351 374 355
3358 351 242 363 319
3359 363 351 319 446
3360 319 363 446 412
3361 319 363 412 294
3362 319 363 294 242
3363 363 351 446 492
3364 363 446 412 492
3365 363 412 294 401
3366 412 319 294 324
3367 363 412 401 492
3368 294 363 401 326
3369 446 319 412 470
3370 319 294 324 216
3371 412 319 324 470
3372 351 319 446 380
3373 319 446 380 470
3374 412 294 401 387
3375 294 412 324 387
3376 351 319 380 279
3377 319 380 279 307
3378 380 279 307 317
3379 307 380 317 439
3380 279 307 317 214
3381 380 351 279 355
3382 307 380 439 470
3383 317 307 439 348
3384 317 307 348 240
3385 307 439 348 470
3386 307 348 240 324
3387 279 380 355 317
3388 307 348 324 470
3389 319 380 307 470
3390 279 319 307 216
3391 279 242 319 216
3392 446 351 380 474
3393 380 446 474 566
3394 187 242 216 156
3395 187 242 156 212
3396 242 216 156 294
3397 216 187 156 137
3398 216 187 137 214
3399 187 156 137 116
3400 187 156 116 212
3401 156 137 116 94
3402 156 137 94 149
3403 156 137 149 216
3404 137 187 116 139
3405 187 116 139 211
3406 137 187 139 214
3407 137 116 94 79
3408 94 137 79 95
3409 79 94 95 48
3410 137 116 79 139
3411 94 137 95 149
3412 116 94 79 59
3413 116 94 59 106
3414 94 79 59 44
3415 79 59 44 35
3416 94 79 44 48
3417 79 59 35 78
3418 79 59 78 116
3419 59 35 78 54
3420 116 94 106 156
3421 718 775 849 848
3422 94 59 106 66
3423 59 106 66 70
3424 106 94 66 130
3425 66 106 130 112
3426 66 59 70 37
3427 59 70 37 73
3428 70 37 73 74
3429 73 70 74 123
3430 94 59 66 44
3431 66 106 112 70
3432 106 94 130 156
3433 94 66 130 72
3434 59 106 70 98
3435 59 106 98 116
3436 70 59 98 73
3437 98 70 73 123
3438 106 70 98 121
3439 98 106 121 158
3440 98 106 158 116
3441 121 98 158 206
3442 106 70 121 112
3443 106 121 158 173
3444 158 106 173 156
3445 121 158 173 245
3446 106 121 173 112
3447 70 98 121 123
3448 355 243 279 301
3449 506 394 385 438
3450 385 394 304 292
3451 385 394 292 438
3452 394 304 292 282
3453 304 385 292 267
3454 292 304 267 211
3455 385 292 267 314
3456 267 385 314 308
3457 314 267 308 215
3458 314 267 215 227
3459 267 308 215 243
3460 304 385 267 308
3461 516 545 636 474
3462 636 516 474 659
3463 187 264 242 212
3464 780 817 865 905
3465 817 865 905 923
3466 905 817 923 894
3467 905 817 894 770
3468 780 665 667 538
3469 765 875 895 862
3470 895 765 862 740
3471 765 875 862 746
3472 875 895 862 973
3473 895 862 973 885
3474 862 875 973 924
3475 862 875 924 746
3476 973 862 924 918
3477 973 862 918 885
3478 862 924 918 788
3479 924 973 918 980
3480 875 895 973 978
3481 973 875 978 997
3482 973 875 997 924
3483 978 973 997 1073
3484 978 973 1073 1017
3485 875 895 978 963
3486 997 978 1073 1042
3487 997 978 1042 875
3488 895 973 978 1017
3489 973 997 1073 1055
3490 973 997 1055 924
3491 997 1073 1055 1119
3492 1055 997 1119 1036
3493 997 1073 1119 1121
3494 1073 1119 1121 1157
3495 1121 1073 1157 1111
3496 1073 1157 1111 1101
3497 1121 1073 1111 1042
3498 1119 997 1121 1042
3499 1121 1119 1042 1140
3500 1121 1119 1140 1222
3501 997 1121 1042 1073
3502 1042 1121 1140 1115
3503 1111 1073 1101 1017
3504 1119 997 1042 1090
3505 1042 1121 1115 1084
3506 1121 1115 1084 1202
3507 1115 1084 1202 1160
3508 1115 1084 1160 1086
3509 1202 1115 1160 1162
3510 1119 1121 1157 1222
3511 1073 1119 1157 1055
3512 1073 1157 1101 1110
3513 1202 1115 1162 1140
3514 1202 1115 1140 1121
3515 1073 973 1055 1110
3516 765 779 875 746
3517 703 779 746 874
3518 636 673 659 789
3519 673 659 789 857
3520 636 673 789 718
3521 659 636 789 699
3522 1631 1546 1530 1523
3523 1631 1546 1523 1641
3524 1546 1523 1641 1519
3525 1533 1439 1501 1467
3526 1439 1501 1467 1398
3527 1467 1439 1398 1460
3528 1501 1467 1398 1440
3529 1467 1398 1440 1446
3530 1501 1467 1440 1568
3531 1533 1439 1467 1460
3532 1501 1533 1467 1568
3533 1480 1412 1513 1460
3534 1513 1480 1460 1564
3535 1513 1480 1564 1605
3536 1460 1513 1564 1498
3537 1480 1460 1564 1449
3538 1480 1460 1449 1376
3539 1449 1480 1376 1432
3540 1449 1480 1432 1544
3541 1460 1449 1376 1398
3542 1460 1564 1449 1533
3543 1564 1480 1449 1544
3544 1268 1299 1281 1364
3545 1268 1299 1364 1332
3546 1299 1281 1364 1357
3547 1299 1281 1357 1243
3548 1364 1299 1357 1403
3549 1364 1299 1403 1332
3550 1299 1357 1403 1318
3551 1281 1364 1357 1407
3552 1281 1268 1364 1315
3553 1357 1364 1403 1448
3554 1364 1403 1448 1428
3555 1357 1364 1448 1407
3556 1403 1357 1448 1425
3557 1357 1448 1425 1417
3558 1403 1357 1425 1318
3559 1448 1403 1425 1496
3560 1425 1448 1496 1505
3561 1425 1448 1505 1417
3562 1448 1496 1505 1497
3563 1505 1448 1497 1471
3564 1403 1425 1496 1435
3565 1403 1425 1435 1318
3566 1448 1497 1471 1407
3567 1448 1497 1407 1428
3568 1425 1496 1435 1556
3569 1425 1496 1556 1505
3570 1496 1556 1505 1596
3571 1448 1496 1497 1428
3572 1496 1403 1435 1462
3573 1403 1435 1462 1366
3574 1403 1435 1366 1318
3575 1448 1403 1496 1428
3576 1496 1403 1462 1492
3577 1496 1403 1492 1428
3578 1435 1462 1366 1473
3579 1435 1462 1473 1538
3580 1462 1473 1538 1545
3581 1462 1473 1545 1396
3582 1538 1462 1545 1579
3583 1473 1538 1545 1575
3584 1545 1473 1575 1489
3585 1473 1538 1575 1508
3586 1473 1538 1508 1435
3587 1435 1462 1538 1496
3588 1462 1538 1496 1562
3589 1538 1496 1562 1603
3590 1538 1496 1603 1556
3591 1496 1603 1556 1596
3592 1538 1435 1496 1556
3593 1562 1538 1603 1638
3594 1462 1538 1562 1579
3595 1496 1562 1603 1535
3596 1496 1562 1535 1492
3597 1562 1535 1492 1579
3598 1535 1496 1492 1497
3599 1562 1535 1579 1639
3600 1579 1562 1639 1638
3601 1562 1535 1639 1603
3602 1639 1562 1603 1638
3603 1603 1639 1638 1753
3604 1562 1538 1638 1579
3605 1538 1603 1638 1628
3606 1538 1603 1628 1556
3607 1496 1462 1562 1492
3608 1603 1638 1628 1709
3609 1628 1603 1709 1642
3610 1628 1603 1642 1556
3611 1709 1628 1642 1679
3612 1628 1642 1679 1591
3613 1709 1628 1679 1692
3614 1628 1679 1692 1629
3615 1628 1679 1629 1560
3616 1692 1628 1629 1575
3617 1679 1692 1629 1745
3618 1629 1679 1745 1672
3619 1629 1679 1672 1560
3620 1679 1692 1745 1794
3621 1679 1745 1672 1781
3622 1745 1629 1672 1680
3623 1629 1672 1680 1583
3624 1629 1672 1583 1560
3625 1583 1629 1560 1508
3626 1560 1583 1508 1437
3627 1629 1560 1508 1628
3628 1709 1628 1692 1638
3629 1628 1692 1638 1575
3630 1603 1638 1709 1753
3631 1638 1709 1753 1794
3632 1672 1745 1680 1767
3633 1538 1545 1575 1638
3634 1745 1680 1767 1777
3635 1680 1767 1777 1789
3636 1745 1680 1777 1693
3637 1745 1680 1693 1629
3638 1680 1672 1767 1670
3639 1680 1672 1670 1583
3640 1767 1680 1670 1738
3641 1680 1670 1738 1659
3642 1738 1680 1659 1789
3643 1659 1738 1789 1682
3644 1680 1670 1659 1583
3645 1659 1680 1583 1604
3646 1680 1583 1604 1629
3647 1604 1680 1629 1693
3648 1629 1604 1693 1575
3649 1672 1767 1670 1733
3650 1672 1767 1733 1781
3651 1583 1604 1629 1508
3652 1767 1680 1738 1789
3653 1672 1745 1767 1781
3654 1462 1403 1366 1420
3655 1538 1575 1508 1628
3656 1767 1670 1733 1776
3657 1670 1733 1776 1681
3658 1733 1767 1776 1886
3659 1776 1670 1681 1683
3660 1670 1681 1683 1594
3661 1670 1681 1594 1608
3662 1670 1681 1608 1733
3663 1681 1594 1608 1595
3664 1608 1681 1595 1615
3665 1595 1608 1615 1518
3666 1608 1615 1518 1532
3667 1615 1518 1532 1524
3668 1518 1532 1524 1461
3669 1532 1524 1461 1559
3670 1518 1532 1461 1450
3671 1518 1532 1450 1561
3672 1518 1532 1561 1608
3673 1561 1518 1608 1594
3674 1524 1518 1461 1457
3675 1461 1524 1457 1469
3676 1532 1561 1608 1635
3677 1561 1608 1635 1670
3678 1608 1615 1532 1635
3679 1608 1615 1635 1733
3680 1532 1461 1450 1445
3681 1461 1524 1469 1559
3682 1532 1450 1561 1560
3683 1561 1532 1560 1635
3684 1560 1561 1635 1583
3685 1560 1561 1583 1437
3686 1561 1635 1583 1670
3687 1524 1518 1457 1567
3688 1457 1524 1567 1515
3689 1457 1524 1515 1469
3690 1583 1561 1670 1576
3691 1524 1518 1567 1615
3692 1524 1567 1515 1612
3693 1450 1518 1561 1485
3694 1524 1567 1612 1615
3695 1515 1524 1612 1537
3696 1532 1615 1524 1559
3697 1450 1561 1560 1437
3698 1608 1561 1594 1670
3699 1567 1457 1515 1424
3700 1457 1515 1424 1389
3701 1567 1457 1424 1459
3702 1457 1424 1459 1353
3703 1457 1424 1353 1334
3704 1459 1457 1353 1394
3705 1567 1457 1459 1518
3706 1457 1459 1518 1394
3707 1595 1608 1518 1594
3708 1567 1515 1612 1600
3709 1515 1612 1600 1598
3710 1515 1612 1598 1537
3711 1681 1594 1595 1574
3712 1594 1595 1574 1459
3713 1767 1670 1776 1738
3714 1776 1670 1683 1738
3715 1681 1683 1594 1646
3716 1594 1681 1646 1574
3717 1646 1594 1574 1599
3718 1574 1646 1599 1624
3719 1574 1646 1624 1656
3720 1594 1574 1599 1490
3721 1646 1599 1624 1768
3722 1646 1594 1599 1683
3723 1594 1599 1683 1576
3724 1594 1599 1576 1490
3725 1599 1646 1683 1768
3726 1681 1683 1646 1762
3727 1646 1681 1762 1663
3728 1681 1762 1663 1728
3729 1681 1762 1728 1776
3730 1663 1681 1728 1615
3731 1681 1762 1776 1683
3732 1762 1663 1728 1726
3733 1762 1663 1726 1717
3734 1663 1726 1717 1656
3735 1663 1726 1656 1644
3736 1663 1726 1644 1704
3737 1663 1726 1704 1728
3738 1704 1663 1728 1615
3739 1726 1644 1704 1787
3740 1726 1704 1728 1869
3741 1644 1663 1704 1567
3742 1646 1681 1663 1574
3743 1726 1656 1644 1739
3744 1644 1726 1739 1787
3745 1726 1739 1787 1894
3746 1567 1515 1600 1504
3747 1600 1567 1504 1644
3748 1600 1567 1644 1704
3749 1515 1600 1504 1521
3750 1600 1504 1521 1577
3751 1600 1504 1577 1644
3752 1577 1600 1644 1724
3753 1504 1521 1577 1447
3754 1521 1600 1577 1613
3755 1515 1600 1521 1598
3756 1504 1515 1521 1424
3757 1504 1515 1424 1567
3758 1612 1600 1598 1708
3759 1733 1776 1681 1728
3760 1681 1733 1728 1615
3761 1683 1670 1594 1576
3762 1638 1538 1628 1575
3763 1403 1462 1492 1420
3764 1777 1745 1693 1841
3765 1575 1473 1508 1458
3766 1670 1672 1733 1635
3767 1672 1733 1635 1781
3768 1767 1745 1777 1868
3769 1672 1583 1560 1635
3770 1560 1672 1635 1679
3771 1672 1635 1679 1781
3772 1672 1583 1635 1670
3773 1612 1567 1600 1704
3774 1438 1345 1347 1423
3775 1392 1469 1371 1389
3776 1469 1371 1389 1461
3777 1392 1469 1389 1362
3778 338 374 311 230
3779 879 963 905 865
3780 963 905 865 923
3781 550 482 533 665
3782 1781 1732 1679 1786
3783 1732 1679 1786 1709
3784 798 694 706 586
3785 587 694 586 504
3786 35 79 78 71
3787 78 35 71 61
3788 71 78 61 132
3789 79 78 71 139
3790 1369 1451 1411 1367
3791 988 958 1051 1054
3792 1051 988 1054 1143
3793 1054 1051 1143 1131
3794 988 958 1054 994
3795 958 1051 1054 1131
3796 1092 1067 1169 1163
3797 1330 1387 1325 1405
3798 682 525 647 636
3799 1674 1813 1719 1759
3800 1674 1759 1705 1699
3801 1759 1705 1699 1735
3802 1705 1699 1735 1664
3803 1735 1705 1664 1710
3804 1735 1705 1710 1746
3805 1759 1705 1735 1746
3806 1664 1735 1710 1706
3807 1735 1710 1706 1777
3808 1705 1664 1710 1671
3809 1705 1664 1671 1674
3810 1759 1705 1746 1719
3811 1699 1735 1664 1706
3812 1699 1735 1706 1841
3813 1710 1735 1746 1818
3814 1705 1664 1674 1699
3815 1702 1636 1671 1602
3816 1759 1705 1719 1674
3817 1530 1592 1602 1631
3818 1735 1746 1818 1759
3819 1659 1680 1604 1706
3820 1710 1664 1706 1609
3821 1710 1735 1818 1848
3822 1710 1706 1777 1659
3823 1746 1759 1719 1813
3824 1710 1705 1671 1746
3825 1735 1710 1777 1848
3826 1706 1710 1609 1659
3827 1705 1671 1746 1719
3828 1699 1759 1735 1841
3829 1671 1746 1719 1742
3830 1664 1699 1706 1627
3831 1664 1699 1627 1626
3832 1706 1735 1777 1841
3833 1671 1702 1746 1742
3834 1659 1680 1706 1777
3835 1604 1680 1693 1706
3836 1680 1693 1706 1777
3837 1669 1719 1610 1674
3838 1659 1680 1777 1789
3839 1507 1530 1602 1482
3840 1699 1627 1626 1752
3841 1610 1719 1671 1674
3842 1627 1664 1626 1498
3843 1746 1818 1759 1897
3844 1746 1818 1897 1874
3845 1746 1818 1874 1764
3846 1818 1897 1874 1913
3847 1818 1874 1764 1848
3848 1818 1874 1848 1913
3849 1848 1818 1913 1759
3850 1818 1897 1913 1759
3851 1693 1604 1706 1627
3852 1746 1818 1764 1710
3853 1693 1706 1777 1841
3854 1706 1693 1627 1699
3855 1664 1699 1626 1674
3856 1764 1818 1848 1710
3857 1693 1604 1627 1575
3858 1706 1693 1699 1841
3859 1759 1746 1897 1813
3860 1764 1746 1710 1682
3861 1710 1764 1682 1789
3862 1710 1764 1789 1849
3863 1764 1789 1849 1874
3864 1764 1682 1789 1862
3865 1710 1764 1849 1848
3866 1764 1849 1848 1874
3867 1789 1710 1849 1777
3868 1849 1789 1777 1898
3869 1849 1789 1898 1874
3870 1604 1706 1627 1609
3871 1719 1636 1671 1742
3872 1592 1555 1609 1659
3873 1702 1602 1682 1631
3874 1705 1671 1719 1674
3875 1669 1636 1568 1610
3876 1674 1813 1759 1828
3877 1735 1818 1848 1759
3878 1555 1507 1609 1498
3879 1671 1682 1710 1746
3880 1604 1627 1575 1498
3881 1609 1671 1710 1664
3882 1609 1671 1664 1610
3883 1671 1664 1610 1674
3884 1636 1671 1602 1610
3885 1507 1498 1533 1609
3886 1682 1710 1659 1609
3887 1874 1746 1764 1847
3888 1693 1627 1699 1752
3889 1507 1533 1501 1602
3890 1602 1609 1507 1533
3891 1682 1602 1609 1592
3892 1659 1710 1789 1777
3893 1849 1848 1874 1912
3894 1849 1848 1912 1777
3895 1912 1849 1777 1898
3896 1912 1849 1898 1874
3897 1659 1682 1609 1592
3898 239 218 246 345
3899 977 909 912 1004
3900 977 909 1004 1018
3901 909 1004 1018 981
3902 909 1004 981 916
3903 912 977 1004 1091
3904 1004 981 916 1028
3905 1004 1018 981 1087
3906 981 1004 1087 1028
3907 981 916 1028 921
3908 1004 1018 1087 1093
3909 1004 1018 1093 977
3910 1018 1087 1093 1135
3911 1087 1093 1135 1195
3912 1018 1087 1135 1095
3913 909 1004 916 912
3914 916 1004 1028 970
3915 1087 1004 1093 1123
3916 981 909 916 818
3917 1093 1018 1135 1076
3918 1135 1093 1076 1181
3919 1093 1018 1076 977
3920 1076 1135 1181 1206
3921 1135 1093 1181 1195
3922 1018 1135 1076 1131
3923 1018 1135 1131 1095
3924 1093 1076 1181 1166
3925 1181 1093 1166 1195
3926 977 909 1018 927
3927 1018 909 981 893
3928 1018 981 1087 1095
3929 179 161 125 149
3930 179 161 149 213
3931 149 179 213 180
3932 213 149 180 216
3933 213 149 216 156
3934 161 149 213 156
3935 149 179 180 113
3936 179 213 180 270
3937 1061 1115 1042 1140
3938 941 931 846 966
3939 931 846 966 891
3940 846 941 966 921
3941 846 966 891 881
3942 846 966 881 921
3943 891 846 730 778
3944 846 881 730 726
3945 846 881 726 921
3946 730 846 726 706
3947 941 931 966 1035
3948 966 941 1035 1026
3949 941 931 1035 1078
3950 881 730 726 771
3951 726 881 771 869
3952 730 726 771 629
3953 726 771 629 677
3954 726 771 677 869
3955 730 726 629 663
3956 730 726 663 706
3957 771 629 677 620
3958 771 629 620 643
3959 629 677 620 515
3960 677 620 515 601
3961 629 620 643 523
3962 515 677 601 578
3963 515 677 578 573
3964 515 677 573 629
3965 629 620 523 515
3966 677 620 601 792
3967 726 629 663 630
3968 726 629 630 573
3969 629 630 573 498
3970 630 573 498 564
3971 630 573 564 664
3972 630 573 664 726
3973 573 498 564 489
3974 498 630 564 612
3975 498 630 612 593
3976 630 612 593 663
3977 630 612 663 664
3978 612 593 663 562
3979 663 612 562 706
3980 663 612 706 664
3981 562 663 706 625
3982 612 562 706 469
3983 630 612 664 564
3984 573 498 489 515
3985 498 630 593 629
3986 630 593 629 663
3987 593 498 629 523
3988 629 593 523 643
3989 629 593 643 725
3990 573 564 664 702
3991 664 573 702 726
3992 564 664 702 658
3993 664 702 658 781
3994 664 702 781 916
3995 702 658 781 671
3996 573 498 515 523
3997 629 593 725 730
3998 593 629 663 730
3999 593 663 562 730
4000 725 629 730 771
4001 730 725 771 881
4002 564 664 658 694
4003 643 629 725 771
4004 725 643 771 890
4005 564 573 489 702
4006 702 564 658 559
4007 564 658 559 480
4008 612 498 593 562
4009 730 725 881 960
4010 658 564 694 587
4011 498 564 489 504
4012 498 564 504 612
4013 564 504 612 694
4014 504 498 612 469
4015 664 630 726 663
4016 658 702 559 671
4017 559 658 671 570
4018 612 706 664 694
4019 612 706 694 504
4020 564 664 694 612
4021 593 725 730 656
4022 725 730 656 815
4023 725 730 815 960
4024 730 656 815 778
4025 656 725 815 704
4026 725 815 704 888
4027 656 725 704 643
4028 725 704 643 809
4029 643 725 809 890
4030 725 809 890 888
4031 809 890 888 819
4032 809 890 819 813
4033 809 890 813 643
4034 888 809 819 744
4035 809 819 744 661
4036 809 819 661 813
4037 888 809 744 704
4038 809 744 704 661
4039 725 704 809 888
4040 573 629 498 523
4041 612 706 504 469
4042 815 730 778 891
4043 815 730 891 960
4044 778 815 891 935
4045 891 815 960 935
4046 656 725 643 593
4047 819 744 661 762
4048 656 815 778 807
4049 744 704 661 584
4050 744 704 584 676
4051 744 704 676 888
4052 704 584 676 576
4053 676 704 576 625
4054 584 744 676 688
4055 584 676 576 543
4056 676 584 688 543
4057 744 676 688 823
4058 744 676 823 888
4059 584 744 688 670
4060 676 576 543 683
4061 584 744 670 661
4062 676 688 823 793
4063 823 676 793 887
4064 793 823 887 822
4065 823 676 887 888
4066 887 823 888 837
4067 887 823 837 822
4068 688 744 823 837
4069 744 823 837 888
4070 823 688 837 822
4071 688 744 837 762
4072 688 584 670 546
4073 744 688 670 762
4074 688 584 546 543
4075 584 670 546 519
4076 584 670 519 661
4077 704 584 576 567
4078 576 704 567 656
4079 576 584 543 435
4080 584 543 435 546
4081 837 744 888 819
4082 546 584 519 435
4083 744 670 661 762
4084 670 688 546 695
4085 584 576 567 435
4086 846 891 730 881
4087 891 730 881 960
4088 670 688 695 762
4089 695 670 762 619
4090 670 762 619 661
4091 762 695 619 711
4092 695 670 619 546
4093 601 515 578 465
4094 515 578 465 489
4095 578 601 465 582
4096 601 515 465 483
4097 515 465 483 384
4098 465 601 483 617
4099 483 515 384 523
4100 601 515 483 620
4101 515 465 384 489
4102 465 483 384 371
4103 465 483 371 532
4104 384 465 371 332
4105 384 465 332 489
4106 465 371 332 405
4107 465 371 405 486
4108 371 405 486 406
4109 332 465 405 434
4110 332 465 434 489
4111 483 384 371 366
4112 384 371 366 266
4113 384 371 266 332
4114 483 384 366 523
4115 405 465 486 582
4116 371 332 405 286
4117 405 371 286 406
4118 332 405 286 316
4119 371 332 286 266
4120 405 286 316 295
4121 371 366 266 293
4122 371 366 293 419
4123 266 371 293 286
4124 366 266 293 272
4125 293 366 272 419
4126 266 293 272 194
4127 293 272 194 299
4128 293 272 299 419
4129 194 293 299 300
4130 371 366 419 483
4131 332 405 316 434
4132 286 332 316 229
4133 316 286 229 219
4134 286 229 219 203
4135 219 286 203 295
4136 219 286 295 316
4137 229 316 219 232
4138 219 229 232 154
4139 219 229 154 203
4140 229 316 232 309
4141 332 316 229 309
4142 286 332 229 266
4143 931 966 1035 1038
4144 726 881 869 921
4145 677 771 620 792
4146 543 576 435 477
4147 435 543 477 404
4148 543 576 477 683
4149 931 846 891 778
4150 881 771 869 897
4151 771 869 897 792
4152 966 891 881 1038
4153 629 726 677 573
4154 293 371 419 406
4155 966 931 891 1038
4156 620 771 643 813
4157 578 515 573 489
4158 573 578 489 649
4159 578 489 649 434
4160 573 578 649 677
4161 578 649 677 735
4162 688 546 695 624
4163 688 546 624 543
4164 695 688 624 784
4165 695 688 784 762
4166 784 695 762 711
4167 624 695 784 758
4168 695 784 758 711
4169 546 695 624 558
4170 624 546 558 471
4171 624 546 471 543
4172 546 695 558 619
4173 558 624 471 635
4174 546 558 471 429
4175 546 558 429 619
4176 471 546 429 409
4177 471 546 409 543
4178 558 471 429 443
4179 429 471 409 336
4180 471 409 336 404
4181 429 471 336 443
4182 409 429 336 325
4183 336 409 325 288
4184 409 429 325 519
4185 325 336 288 221
4186 336 288 221 247
4187 336 288 247 404
4188 325 336 221 375
4189 336 409 288 404
4190 429 336 325 375
4191 288 221 247 190
4192 288 221 190 258
4193 221 247 190 169
4194 247 190 169 200
4195 221 247 169 228
4196 288 221 258 325
4197 221 258 325 296
4198 258 325 296 367
4199 258 325 367 356
4200 258 325 356 288
4201 325 296 367 415
4202 325 296 415 375
4203 325 367 356 519
4204 325 356 288 409
4205 325 356 409 519
4206 356 288 409 435
4207 409 356 435 519
4208 367 325 415 519
4209 356 258 288 256
4210 288 356 256 347
4211 288 356 347 435
4212 356 347 435 418
4213 435 356 418 479
4214 435 356 479 519
4215 347 435 418 477
4216 347 435 477 404
4217 418 435 479 567
4218 367 258 356 303
4219 356 258 256 303
4220 256 356 303 418
4221 367 258 303 272
4222 367 258 272 296
4223 356 418 479 303
4224 258 256 303 204
4225 356 347 418 256
4226 256 303 204 277
4227 256 303 277 418
4228 272 367 296 402
4229 479 418 567 523
4230 567 479 523 661
4231 479 418 523 303
4232 418 567 523 593
4233 303 258 204 272
4234 479 435 519 584
4235 519 479 584 661
4236 204 256 277 174
4237 296 367 415 402
4238 567 523 593 643
4239 567 523 643 661
4240 643 567 661 704
4241 643 567 704 656
4242 303 204 277 266
4243 277 303 266 384
4244 256 288 347 238
4245 258 256 204 190
4246 356 367 303 479
4247 258 288 256 190
4248 303 204 266 272
4249 256 277 174 287
4250 256 277 287 418
4251 174 256 287 238
4252 277 174 287 222
4253 277 174 222 167
4254 174 287 222 192
4255 287 222 192 245
4256 192 287 245 274
4257 245 192 274 173
4258 245 192 173 121
4259 192 173 121 174
4260 192 274 173 238
4261 121 192 174 222
4262 174 287 192 238
4263 287 277 222 310
4264 287 277 310 349
4265 277 222 310 255
4266 277 222 255 167
4267 277 310 349 359
4268 277 310 359 255
4269 349 277 359 384
4270 277 359 384 332
4271 359 384 332 489
4272 359 349 384 423
4273 384 359 423 489
4274 359 349 423 310
4275 222 287 310 245
4276 287 277 349 418
4277 222 310 255 223
4278 247 288 190 238
4279 190 221 169 150
4280 190 221 150 258
4281 221 169 150 181
4282 150 221 181 202
4283 221 169 181 228
4284 169 190 150 117
4285 169 190 117 168
4286 190 150 117 140
4287 190 150 140 204
4288 117 169 168 122
4289 150 169 117 138
4290 117 169 122 138
4291 168 117 122 112
4292 169 168 122 200
4293 168 122 200 153
4294 200 168 153 193
4295 153 200 193 105
4296 168 153 193 176
4297 153 193 176 201
4298 153 193 201 105
4299 169 168 200 190
4300 168 153 176 109
4301 153 176 109 125
4302 168 153 109 122
4303 200 168 193 251
4304 200 168 251 190
4305 193 176 201 260
4306 201 193 260 261
4307 201 193 261 188
4308 193 260 261 265
4309 193 176 260 251
4310 261 193 265 271
4311 265 261 271 399
4312 261 193 271 188
4313 271 261 188 257
4314 260 201 261 327
4315 193 200 251 265
4316 260 193 251 265
4317 122 200 153 105
4318 153 122 105 109
4319 190 117 168 112
4320 169 150 181 138
4321 181 169 138 228
4322 150 117 140 87
4323 117 140 87 74
4324 150 117 87 103
4325 87 150 103 119
4326 150 117 103 138
4327 140 150 87 135
4328 117 87 103 56
4329 87 103 56 93
4330 117 87 56 74
4331 103 117 56 122
4332 204 256 174 190
4333 310 287 349 381
4334 287 349 381 383
4335 381 287 383 346
4336 383 381 346 472
4337 383 381 472 487
4338 346 383 472 343
4339 383 472 343 477
4340 346 383 343 287
4341 383 381 487 349
4342 472 383 487 477
4343 381 346 472 469
4344 381 346 469 357
4345 381 287 346 310
4346 343 383 477 347
4347 343 383 347 287
4348 477 343 347 404
4349 381 346 357 310
4350 357 381 310 410
4351 310 357 410 377
4352 310 357 377 223
4353 469 381 357 410
4354 357 410 377 416
4355 377 357 416 312
4356 410 377 416 489
4357 410 310 377 423
4358 381 472 487 469
4359 469 381 410 487
4360 381 310 410 423
4361 357 469 410 504
4362 410 357 504 416
4363 504 410 416 498
4364 504 410 498 469
4365 357 504 416 449
4366 504 416 449 587
4367 416 504 498 489
4368 383 477 347 418
4369 504 416 587 564
4370 504 416 564 489
4371 416 357 449 322
4372 349 310 381 423
4373 695 624 558 758
4374 546 429 409 519
4375 277 204 174 167
4376 221 336 247 253
4377 221 336 253 375
4378 336 247 253 340
4379 336 247 340 404
4380 253 336 340 443
4381 247 221 253 228
4382 247 253 340 330
4383 340 247 330 365
4384 330 340 365 467
4385 330 340 467 372
4386 330 340 372 253
4387 467 330 372 339
4388 330 372 339 241
4389 330 372 241 228
4390 340 247 365 404
4391 670 546 519 619
4392 117 190 140 112
4393 677 601 578 735
4394 465 405 434 582
4395 620 643 523 591
4396 643 523 591 661
4397 591 643 661 813
4398 620 643 591 813
4399 523 620 591 483
4400 366 384 266 303
4401 266 366 303 272
4402 366 303 272 367
4403 366 303 367 479
4404 272 366 367 388
4405 366 367 388 481
4406 366 367 481 479
4407 366 384 303 523
4408 367 272 388 402
4409 367 388 481 462
4410 367 388 462 402
4411 388 462 402 607
4412 481 367 462 519
4413 388 366 481 419
4414 388 366 419 272
4415 481 388 419 574
4416 388 481 462 607
4417 1804 1817 1700 1696
4418 131 172 209 154
4419 906 914 885 992
4420 914 885 992 926
4421 575 447 580 557
4422 580 575 557 770
4423 575 447 557 478
4424 575 447 478 449
4425 557 575 478 665
4426 447 557 478 482
4427 447 580 557 396
4428 557 447 396 482
4429 1429 1351 1382 1361
4430 1050 1129 1019 1120
4431 1129 1019 1120 1172
4432 1120 1129 1172 1234
4433 1019 1050 1120 999
4434 335 315 395 400
4435 1112 1095 1052 1006
4436 1112 1095 1006 1131
4437 1095 1052 1006 946
4438 1052 1112 1006 994
4439 1886 1903 1869 1728
4440 920 1005 975 1027
4441 346 274 245 287
4442 272 202 258 204
4443 1126 1209 1158 1228
4444 1209 1158 1228 1240
4445 946 1025 1026 1095
4446 1101 1072 1017 992
4447 705 608 774 659
4448 705 608 659 556
4449 774 705 659 850
4450 705 659 850 699
4451 59 44 35 37
4452 35 59 37 54
4453 811 926 918 740
4454 194 202 272 204
4455 1177 1273 1221 1169
4456 517 615 464 544
4457 615 464 544 602
4458 544 615 602 707
4459 602 544 707 647
4460 544 615 707 672
4461 615 707 672 805
4462 707 544 672 648
4463 672 707 648 842
4464 707 544 648 647
4465 707 672 805 842
4466 464 517 544 401
4467 235 326 230 294
4468 1469 1455 1537 1476
4469 1537 1469 1476 1515
4470 1469 1455 1476 1413
4471 1469 1455 1413 1362
4472 1455 1413 1362 1478
4473 1476 1469 1413 1389
4474 1469 1413 1389 1362
4475 1413 1389 1362 1478
4476 1413 1476 1389 1478
4477 1455 1476 1413 1478
4478 1476 1469 1389 1515
4479 1455 1537 1476 1478
4480 450 342 404 365
4481 404 450 365 476
4482 365 404 476 340
4483 342 404 365 285
4484 404 365 285 247
4485 450 365 476 448
4486 450 365 448 361
4487 448 450 361 531
4488 450 365 361 342
4489 361 450 342 442
4490 342 361 442 260
4491 365 361 342 251
4492 361 342 251 260
4493 476 450 448 577
4494 448 450 531 616
4495 448 450 616 577
4496 361 450 442 531
4497 365 285 247 342
4498 365 448 361 330
4499 404 450 476 569
4500 531 448 616 613
4501 450 476 569 577
4502 476 569 577 543
4503 342 404 285 334
4504 342 365 251 247
4505 1586 1631 1530 1602
4506 1530 1586 1602 1482
4507 1586 1631 1602 1702
4508 745 807 625 783
4509 1498 1400 1460 1489
4510 1286 1308 1291 1199
4511 94 156 149 130
4512 278 280 210 236
4513 426 328 345 276
4514 517 464 397 401
4515 397 517 401 475
4516 547 570 680 657
4517 570 680 657 748
4518 547 570 657 480
4519 570 657 480 658
4520 657 570 748 671
4521 657 570 671 658
4522 1439 1351 1383 1398
4523 1383 1439 1398 1482
4524 1601 1548 1549 1614
4525 1548 1549 1614 1557
4526 1549 1614 1557 1675
4527 616 568 450 531
4528 1171 1240 1223 1142
4529 1223 1171 1142 1116
4530 1142 1223 1116 1176
4531 1116 1142 1176 1052
4532 1142 1223 1176 1240
4533 1142 1176 1052 1125
4534 1176 1052 1125 1112
4535 1052 1125 1112 994
4536 1125 1176 1112 1243
4537 565 602 561 736
4538 202 296 258 221
4539 917 847 783 903
4540 1115 1061 1162 1140
4541 1489 1458 1473 1575
4542 1977 1953 1903 1972
4543 537 551 651 497
4544 130 66 112 109
4545 112 130 109 176
4546 130 109 176 125
4547 66 112 109 56
4548 130 66 109 72
4549 96 120 114 52
4550 721 575 675 770
4551 1576 1490 1485 1594
4552 1775 1843 1768 1683
4553 1768 1775 1683 1698
4554 1775 1683 1698 1655
4555 1683 1698 1655 1599
4556 1698 1655 1599 1607
4557 1698 1775 1655 1761
4558 1655 1698 1761 1736
4559 1599 1698 1607 1768
4560 1698 1775 1761 1850
4561 1775 1683 1655 1738
4562 1655 1683 1599 1576
4563 1698 1761 1736 1850
4564 1768 1775 1698 1850
4565 1775 1683 1738 1776
4566 1775 1683 1776 1843
4567 1776 1775 1843 1902
4568 687 824 800 589
4569 1116 1095 1113 1026
4570 438 413 482 337
4571 1328 1296 1401 1290
4572 86 73 131 102
4573 131 86 102 91
4574 338 456 374 326
4575 1187 1150 1082 1189
4576 454 536 399 597
4577 1160 1236 1202 1301
4578 1126 1125 1141 1228
4579 681 847 783 831
4580 1714 1838 1763 1780
4581 804 753 893 854
4582 893 804 854 927
4583 804 854 927 863
4584 804 854 863 748
4585 804 854 748 657
4586 804 854 657 753
4587 570 480 452 559
4588 857 840 774 972
4589 1067 1068 1152 1129
4590 402 428 505 415
4591 505 402 415 462
4592 415 505 462 619
4593 402 415 462 367
4594 505 402 462 607
4595 415 462 367 519
4596 462 505 607 619
4597 441 370 452 312
4598 615 517 672 544
4599 1176 1196 1112 1243
4600 848 716 736 682
4601 294 401 387 313
4602 294 401 313 326
4603 401 387 313 475
4604 387 294 313 244
4605 203 154 167 229
4606 946 1026 921 981
4607 1756 1643 1673 1667
4608 818 781 909 916
4609 1170 1254 1167 1238
4610 179 244 161 213
4611 1260 1177 1221 1170
4612 274 235 230 173
4613 230 274 173 245
4614 1098 1094 1000 1048
4615 1092 1152 1137 1177
4616 1137 1092 1177 1021
4617 660 780 776 667
4618 743 681 592 615
4619 820 900 951 923
4620 798 911 851 853
4621 1381 1286 1291 1339
4622 1286 1291 1339 1183
4623 1291 1381 1339 1411
4624 1381 1286 1339 1394
4625 450 568 442 531
4626 951 900 1002 996
4627 900 1002 996 988
4628 1002 951 996 1072
4629 951 900 996 923
4630 900 996 923 954
4631 996 923 954 1009
4632 996 923 1009 1017
4633 954 996 1009 1064
4634 996 1009 1064 1099
4635 1009 954 1064 994
4636 954 1064 994 988
4637 1009 954 994 894
4638 954 994 894 855
4639 894 954 855 923
4640 1009 954 894 923
4641 954 855 923 900
4642 1064 1009 994 1049
4643 1064 1009 1049 1065
4644 1009 1049 1065 905
4645 1009 994 1049 894
4646 954 996 1064 988
4647 900 996 954 988
4648 274 346 343 287
4649 1493 1395 1409 1487
4650 694 827 706 664
4651 1196 1281 1243 1176
4652 1679 1732 1642 1709
4653 848 872 716 802
4654 872 716 802 675
4655 716 802 675 580
4656 716 848 802 682
4657 1452 1371 1461 1445
4658 374 431 311 378
4659 40 86 74 63
4660 963 991 905 1065
4661 482 413 533 345
4662 1456 1539 1500 1510
4663 976 1041 1011 935
4664 1041 1011 935 1081
4665 1012 985 967 919
4666 967 1012 919 1022
4667 919 967 1022 988
4668 967 1012 1022 1034
4669 1022 967 1034 988
4670 1034 1022 988 1085
4671 1034 1022 1085 1163
4672 988 1034 1085 1051
4673 1034 1085 1051 1201
4674 1022 988 1085 1002
4675 1085 1022 1002 1163
4676 1022 988 1002 919
4677 1002 1022 919 1012
4678 1002 1022 1012 1088
4679 1002 1022 1088 1163
4680 1085 988 1051 1143
4681 1022 1012 1088 1092
4682 1012 1088 1092 992
4683 1051 1085 1143 1201
4684 106 130 112 173
4685 753 587 689 657
4686 1526 1441 1510 1422
4687 74 86 123 167
4688 1903 1886 1885 1733
4689 1048 1037 1125 1052
4690 1125 1048 1052 1142
4691 1048 1052 1142 1025
4692 1480 1376 1412 1460
4693 161 201 125 176
4694 161 201 176 244
4695 844 846 778 706
4696 1399 1367 1295 1328
4697 844 892 883 783
4698 1811 1712 1718 1723
4699 1718 1811 1723 1827
4700 1811 1723 1827 1721
4701 1723 1827 1721 1675
4702 1721 1723 1675 1712
4703 1723 1827 1675 1718
4704 1675 1723 1718 1712
4705 1721 1723 1712 1811
4706 820 801 900 698
4707 447 512 580 431
4708 1012 1021 992 1092
4709 333 413 438 337
4710 1351 1431 1382 1354
4711 1369 1308 1355 1269
4712 1369 1308 1269 1291
4713 1355 1369 1269 1261
4714 1369 1269 1261 1290
4715 1269 1261 1290 1199
4716 1308 1355 1269 1203
4717 1269 1308 1203 1199
4718 1203 1269 1199 1261
4719 1203 1269 1261 1280
4720 1269 1261 1280 1355
4721 1280 1269 1355 1203
4722 1048 1023 1037 944
4723 1023 1037 944 902
4724 1037 1048 944 1052
4725 274 338 245 230
4726 935 892 931 778
4727 1025 941 1026 1035
4728 1072 1099 1017 996
4729 442 568 583 531
4730 568 583 531 692
4731 284 231 240 180
4732 284 231 180 270
4733 44 79 35 48
4734 602 682 647 808
4735 1713 1591 1635 1679
4736 1718 1805 1665 1793
4737 1152 1092 1169 1177
4738 235 274 238 173
4739 1214 1302 1228 1314
4740 342 473 404 334
4741 1238 1328 1267 1295
4742 1238 1328 1295 1290
4743 1295 1238 1290 1157
4744 1267 1238 1295 1174
4745 1238 1295 1174 1157
4746 1267 1238 1174 1167
4747 863 977 912 961
4748 1061 1042 950 1031
4749 1400 1439 1460 1335
4750 1381 1459 1394 1466
4751 1459 1394 1466 1518
4752 1394 1381 1466 1339
4753 1381 1459 1466 1468
4754 464 526 397 451
4755 1273 1220 1326 1343
4756 1351 1429 1383 1361
4757 800 740 633 820
4758 1108 1211 1190 1192
4759 202 234 296 221
4760 1201 1217 1206 1118
4761 1201 1217 1118 1172
4762 1206 1201 1118 1143
4763 1217 1206 1118 1181
4764 1445 1556 1425 1435
4765 946 911 1025 1052
4766 1183 1099 1072 1127
4767 1072 1183 1127 1221
4768 872 848 947 802
4769 1314 1362 1393 1392
4770 1393 1314 1392 1302
4771 868 901 970 859
4772 868 901 859 759
4773 868 901 759 757
4774 759 868 757 735
4775 859 868 759 739
4776 868 759 739 735
4777 901 859 759 869
4778 901 859 869 982
4779 759 901 869 792
4780 859 759 869 677
4781 759 869 677 771
4782 677 759 771 792
4783 869 901 982 897
4784 869 901 897 792
4785 859 759 677 739
4786 759 677 739 735
4787 859 868 739 866
4788 739 868 735 866
4789 901 759 757 792
4790 753 689 845 873
4791 163 131 209 223
4792 988 873 958 954
4793 1196 1216 1131 1112
4794 270 244 213 324
4795 831 814 736 681
4796 457 398 472 561
4797 1401 1296 1361 1359
4798 1296 1361 1359 1266
4799 1359 1296 1266 1290
4800 1401 1296 1359 1290
4801 1361 1401 1359 1454
4802 1361 1401 1454 1436
4803 550 438 482 538
4804 438 482 538 394
4805 482 538 394 396
4806 482 550 538 665
4807 1354 1378 1402 1292
4808 1402 1354 1292 1437
4809 252 306 290 172
4810 64 93 119 87
4811 618 703 746 596
4812 1526 1447 1441 1422
4813 1447 1441 1422 1301
4814 1526 1447 1422 1504
4815 1447 1422 1504 1424
4816 1422 1504 1424 1522
4817 1443 1500 1543 1551
4818 602 456 561 464
4819 456 561 464 398
4820 464 456 398 326
4821 398 464 326 397
4822 561 464 398 592
4823 464 326 397 401
4824 326 397 401 313
4825 312 328 345 441
4826 334 343 451 404
4827 137 79 95 133
4828 947 848 962 908
4829 947 848 908 802
4830 908 947 802 902
4831 401 412 387 511
4832 401 412 511 544
4833 387 401 511 475
4834 412 387 511 500
4835 1026 941 921 966
4836 1064 1009 1065 1099
4837 736 814 808 615
4838 84 81 72 125
4839 72 84 125 113
4840 81 72 125 109
4841 576 704 656 625
4842 610 614 569 473
4843 351 380 474 355
4844 502 600 454 583
4845 503 372 467 443
4846 769 871 870 796
4847 769 871 796 722
4848 1171 1240 1142 1094
4849 1142 1171 1094 1116
4850 1094 1142 1116 1025
4851 1781 1732 1786 1882
4852 1732 1786 1882 1900
4853 1882 1732 1900 1821
4854 1786 1781 1882 1868
4855 1781 1732 1882 1908
4856 1882 1781 1908 1911
4857 1908 1882 1911 1947
4858 1882 1911 1947 1907
4859 1947 1882 1907 1900
4860 1947 1882 1900 1945
4861 1882 1900 1945 1821
4862 1908 1882 1947 1945
4863 1908 1882 1945 1821
4864 1911 1947 1907 1955
4865 1911 1947 1955 1908
4866 1882 1781 1911 1868
4867 1781 1911 1868 1885
4868 1911 1868 1885 1955
4869 1911 1868 1955 1907
4870 1885 1911 1955 1908
4871 1885 1911 1908 1781
4872 1911 1868 1907 1882
4873 854 893 927 958
4874 206 269 245 273
4875 206 269 273 223
4876 273 206 223 310
4877 1874 1873 1746 1852
4878 200 251 265 330
4879 1669 1657 1773 1707
4880 1669 1657 1707 1571
4881 1939 1912 1841 1926
4882 1679 1781 1786 1745
4883 1786 1679 1745 1794
4884 1745 1786 1794 1868
4885 1106 993 1058 1043
4886 993 1058 1043 937
4887 1955 1926 1868 1885
4888 1048 1023 944 957
4889 1023 944 957 947
4890 957 1023 947 1060
4891 957 1023 1060 1000
4892 1023 947 1060 1069
4893 1060 1023 1069 1144
4894 1069 1060 1144 1185
4895 1060 1023 1144 1098
4896 1060 1023 1098 1000
4897 1144 1060 1098 1185
4898 1098 1060 1000 1071
4899 1060 957 1000 947
4900 1060 1098 1185 1071
4901 957 1023 1000 1048
4902 1535 1492 1579 1442
4903 1535 1492 1442 1428
4904 1492 1442 1428 1332
4905 1535 1492 1428 1497
4906 43 19 26 34
4907 989 922 1030 902
4908 1030 989 902 1037
4909 1618 1713 1635 1772
4910 485 339 417 467
4911 576 435 477 418
4912 848 736 884 834
4913 848 736 834 682
4914 736 834 682 808
4915 736 884 834 808
4916 1426 1380 1336 1349
4917 1336 1426 1349 1377
4918 1349 1336 1377 1240
4919 1336 1426 1377 1471
4920 1880 1906 1780 1833
4921 1563 1494 1490 1454
4922 1261 1280 1355 1338
4923 466 350 443 375
4924 380 317 439 421
4925 439 380 421 556
4926 240 348 284 324
4927 360 289 375 234
4928 1601 1548 1614 1647
4929 1548 1614 1647 1637
4930 1614 1647 1637 1721
4931 1614 1647 1721 1675
4932 1721 1614 1675 1643
4933 1614 1647 1675 1601
4934 1647 1721 1675 1712
4935 1647 1721 1712 1637
4936 1675 1614 1601 1549
4937 1712 1647 1637 1686
4938 1647 1637 1686 1550
4939 452 370 436 309
4940 427 280 352 402
4941 1197 1176 1223 1281
4942 815 656 704 807
4943 729 613 638 599
4944 1314 1389 1392 1371
4945 1921 1910 1833 1906
4946 1013 1041 935 1081
4947 775 580 667 770
4948 81 46 72 24
4949 1232 1136 1155 1150
4950 820 801 698 633
4951 131 110 73 123
4952 110 73 123 98
4953 110 73 98 104
4954 131 110 123 223
4955 1140 1202 1121 1222
4956 473 514 526 397
4957 1883 1880 1780 1756
4958 1682 1602 1592 1631
4959 1142 1176 1125 1158
4960 1142 1176 1158 1240
4961 1158 1142 1240 1094
4962 1158 1142 1094 1048
4963 1158 1142 1048 1125
4964 1142 1094 1048 1025
4965 372 501 467 339
4966 1416 1342 1356 1304
4967 1342 1356 1304 1274
4968 282 211 304 292
4969 1912 1930 1841 1913
4970 497 452 436 572
4971 436 497 572 528
4972 497 452 572 570
4973 452 436 572 559
4974 572 452 559 570
4975 916 1028 921 964
4976 921 916 964 859
4977 916 964 859 970
4978 964 859 970 982
4979 916 1028 964 970
4980 616 531 613 692
4981 607 574 524 388
4982 1629 1604 1575 1508
4983 1926 1951 1868 1841
4984 1165 1138 1065 1192
4985 240 284 180 213
4986 1827 1837 1737 1757
4987 459 379 333 490
4988 378 311 396 431
4989 339 437 417 399
4990 1050 1129 1120 1151
4991 365 476 448 467
4992 1692 1629 1745 1693
4993 350 496 443 372
4994 1116 1197 1223 1235
4995 1355 1280 1203 1236
4996 15 43 26 24
4997 446 351 474 492
4998 1666 1649 1642 1587
4999 1666 1649 1587 1589
5000 1587 1666 1589 1553
5001 1589 1587 1553 1491
5002 1649 1642 1587 1556
5003 29 23 14 42
5004 442 583 475 454
5005 289 414 375 350
5006 704 584 567 661
5007 1910 1933 1833 1925
5008 1049 1192 1064 1065
5009 1002 951 1072 992
5010 479 435 584 567
5011 584 479 567 661
5012 934 1046 987 1021
5013 557 575 665 770
5014 1877 1854 1896 1752
5015 996 951 923 1017
5016 996 951 1017 1072
5017 951 1017 1072 992
5018 614 569 473 404
5019 1046 934 993 1021
5020 1674 1759 1699 1828
5021 1759 1699 1828 1841
5022 259 379 333 276
5023 333 259 276 218
5024 276 333 218 345
5025 1874 1848 1913 1912
5026 1848 1913 1912 1841
5027 1912 1848 1841 1777
5028 1858 1772 1929 1885
5029 954 855 900 873
5030 726 663 706 664
5031 1822 1865 1773 1873
5032 1230 1262 1169 1246
5033 1169 1230 1246 1163
5034 1169 1230 1163 1130
5035 1163 1169 1130 1067
5036 1169 1230 1130 1129
5037 1246 1169 1163 1221
5038 1169 1130 1067 1129
5039 1230 1246 1163 1233
5040 1230 1163 1130 1201
5041 1230 1262 1246 1351
5042 867 987 926 934
5043 781 702 671 649
5044 781 702 649 859
5045 1304 1393 1356 1416
5046 1895 1787 1894 1918
5047 1237 1302 1342 1317
5048 59 37 54 73
5049 1049 994 1037 894
5050 993 877 940 934
5051 873 829 854 680
5052 806 915 805 860
5053 915 805 860 925
5054 805 860 925 842
5055 800 824 876 640
5056 1702 1636 1602 1586
5057 1636 1602 1586 1568
5058 1284 1331 1241 1301
5059 1043 1137 1058 1106
5060 163 233 252 172
5061 837 744 819 762
5062 1670 1594 1576 1561
5063 186 113 141 231
5064 651 570 497 572
5065 557 478 482 533
5066 1390 1317 1342 1302
5067 962 848 884 834
5068 1574 1624 1539 1656
5069 1265 1349 1240 1317
5070 1342 1257 1237 1317
5071 1813 1759 1828 1897
5072 1100 1167 1047 1110
5073 1944 1869 1918 1894
5074 976 1041 935 903
5075 935 976 903 807
5076 903 935 807 783
5077 829 873 801 680
5078 801 829 680 754
5079 829 680 754 651
5080 801 829 754 876
5081 680 801 754 633
5082 134 145 124 163
5083 100 118 148 197
5084 118 148 197 178
5085 307 279 216 214
5086 1250 1180 1225 1188
5087 1249 1234 1151 1245
5088 688 823 793 822
5089 1099 1072 1127 996
5090 551 651 497 674
5091 398 464 397 451
5092 871 899 791 737
5093 1660 1700 1588 1578
5094 1588 1660 1578 1566
5095 705 659 699 556
5096 998 962 884 1015
5097 1620 1593 1690 1694
5098 757 759 735 601
5099 757 759 601 792
5100 1317 1390 1349 1302
5101 583 442 531 454
5102 1881 1903 1815 1754
5103 1815 1881 1754 1803
5104 1330 1387 1405 1384
5105 1405 1330 1384 1277
5106 1632 1691 1607 1655
5107 541 509 626 518
5108 299 293 419 406
5109 940 1021 993 934
5110 1881 1903 1754 1918
5111 1881 1903 1918 1972
5112 1122 1182 1185 1071
5113 316 219 232 275
5114 316 219 275 295
5115 219 232 275 178
5116 232 316 275 393
5117 219 275 295 197
5118 219 275 197 178
5119 295 219 197 203
5120 235 230 173 156
5121 1067 1092 1012 1034
5122 1393 1356 1416 1444
5123 1416 1393 1444 1455
5124 1393 1444 1455 1362
5125 1455 1393 1362 1392
5126 1455 1393 1392 1499
5127 1455 1393 1499 1416
5128 1393 1499 1416 1392
5129 1444 1455 1362 1478
5130 1246 1163 1233 1221
5131 1670 1738 1659 1655
5132 1841 1912 1777 1926
5133 1604 1659 1706 1609
5134 1137 1058 1106 1179
5135 1106 1137 1179 1220
5136 1137 1179 1220 1152
5137 1220 1137 1152 1177
5138 1220 1137 1177 1212
5139 1220 1137 1212 1106
5140 1137 1212 1106 1177
5141 1179 1220 1152 1250
5142 1348 1438 1347 1434
5143 1439 1501 1398 1482
5144 1698 1655 1607 1691
5145 1607 1698 1691 1768
5146 1732 1642 1709 1729
5147 1709 1732 1729 1900
5148 1642 1709 1729 1603
5149 1709 1729 1603 1753
5150 1709 1729 1753 1900
5151 1448 1364 1428 1407
5152 1364 1428 1407 1315
5153 1555 1609 1659 1604
5154 1555 1609 1604 1498
5155 1659 1555 1604 1583
5156 478 482 533 345
5157 121 70 123 140
5158 558 471 443 635
5159 1886 1925 1869 1944
5160 913 870 806 737
5161 476 365 340 467
5162 1849 1848 1777 1710
5163 1085 1034 1163 1130
5164 1085 1034 1130 1201
5165 1163 1085 1130 1201
5166 201 193 188 105
5167 1509 1484 1566 1578
5168 1509 1484 1578 1481
5169 1509 1484 1481 1436
5170 1481 1509 1436 1593
5171 1578 1509 1481 1593
5172 1484 1578 1481 1514
5173 1481 1484 1514 1440
5174 1484 1514 1440 1502
5175 1578 1481 1514 1482
5176 1481 1514 1482 1440
5177 1514 1482 1440 1501
5178 1514 1482 1501 1586
5179 1482 1501 1586 1602
5180 1440 1514 1501 1568
5181 1501 1514 1586 1568
5182 1514 1482 1586 1578
5183 1501 1586 1602 1568
5184 1482 1440 1501 1398
5185 1484 1578 1514 1611
5186 1578 1514 1611 1586
5187 1242 1314 1214 1226
5188 1547 1447 1526 1577
5189 1526 1547 1577 1650
5190 1547 1577 1650 1613
5191 1447 1526 1577 1504
5192 1577 1526 1650 1625
5193 1577 1526 1625 1527
5194 1577 1526 1527 1504
5195 1527 1577 1504 1644
5196 1625 1577 1527 1644
5197 1650 1577 1625 1644
5198 702 564 559 489
5199 564 559 489 416
5200 1601 1548 1647 1665
5201 1688 1736 1641 1757
5202 1688 1736 1757 1840
5203 1641 1688 1757 1718
5204 1688 1757 1718 1737
5205 1688 1757 1737 1837
5206 1688 1757 1837 1840
5207 489 573 649 702
5208 573 649 702 677
5209 649 489 702 559
5210 702 649 559 671
5211 649 489 559 529
5212 489 559 529 422
5213 489 559 422 416
5214 559 649 529 668
5215 559 529 422 436
5216 559 649 668 671
5217 668 559 671 572
5218 671 668 572 719
5219 559 671 572 570
5220 572 671 719 651
5221 668 559 572 529
5222 671 668 719 863
5223 668 572 719 686
5224 671 572 570 651
5225 529 489 422 434
5226 422 529 434 436
5227 529 489 434 649
5228 559 572 529 436
5229 572 668 529 686
5230 649 529 668 713
5231 659 789 857 850
5232 789 857 850 959
5233 1730 1684 1803 1754
5234 1730 1684 1754 1615
5235 1882 1907 1900 1786
5236 1882 1907 1786 1868
5237 447 580 396 431
5238 396 447 431 376
5239 853 872 957 947
5240 872 957 947 1000
5241 1524 1469 1559 1537
5242 1562 1462 1579 1492
5243 569 708 577 543
5244 1507 1501 1482 1602
5245 122 169 200 152
5246 122 169 152 138
5247 200 122 152 105
5248 122 152 105 83
5249 105 122 83 76
5250 122 152 83 138
5251 122 83 76 56
5252 105 122 76 109
5253 83 76 56 43
5254 56 83 43 93
5255 76 56 43 26
5256 56 43 26 34
5257 83 76 43 81
5258 83 105 76 81
5259 105 76 81 109
5260 122 76 109 56
5261 169 152 138 228
5262 122 83 56 103
5263 83 56 103 93
5264 122 83 103 138
5265 83 103 138 93
5266 103 138 93 119
5267 93 103 119 87
5268 1349 1336 1240 1302
5269 1135 1076 1131 1206
5270 1131 1135 1206 1231
5271 1131 1135 1231 1164
5272 1131 1135 1164 1095
5273 1135 1231 1164 1213
5274 1164 1135 1213 1195
5275 1135 1231 1213 1181
5276 1213 1135 1181 1195
5277 1231 1164 1213 1293
5278 1896 1841 1877 1752
5279 109 112 176 168
5280 109 112 168 122
5281 1042 1061 1140 1031
5282 687 709 824 589
5283 121 192 222 206
5284 40 62 63 23
5285 63 40 23 41
5286 40 23 41 8
5287 63 40 41 74
5288 40 41 74 37
5289 1521 1600 1613 1598
5290 1613 1521 1598 1581
5291 1598 1613 1581 1708
5292 1521 1598 1581 1476
5293 949 967 1019 889
5294 1770 1667 1756 1779
5295 1770 1667 1779 1722
5296 1614 1557 1675 1643
5297 1614 1557 1643 1634
5298 1614 1557 1634 1541
5299 1634 1614 1541 1637
5300 1643 1614 1634 1721
5301 1614 1634 1721 1637
5302 1557 1643 1634 1582
5303 1643 1634 1582 1677
5304 1614 1557 1541 1548
5305 1541 1614 1548 1637
5306 1557 1634 1541 1582
5307 1557 1643 1582 1543
5308 381 487 349 423
5309 944 1048 957 911
5310 1692 1709 1638 1794
5311 1692 1709 1794 1679
5312 1660 1700 1578 1696
5313 1660 1700 1696 1804
5314 1578 1660 1696 1566
5315 1644 1600 1704 1724
5316 815 778 807 935
5317 1264 1373 1306 1313
5318 1846 1834 1824 1734
5319 32 40 37 8
5320 881 771 897 890
5321 42 14 34 23
5322 1398 1343 1383 1440
5323 1383 1398 1440 1482
5324 1398 1343 1440 1446
5325 427 518 402 432
5326 129 199 136 182
5327 1142 1116 1025 1052
5328 1116 1025 1052 1095
5329 1461 1518 1450 1394
5330 1518 1450 1394 1485
5331 423 359 310 377
5332 1967 1944 1972 1918
5333 91 62 31 67
5334 1170 1133 1100 1177
5335 1170 1133 1177 1221
5336 599 638 485 613
5337 1956 1930 1938 1860
5338 1706 1664 1627 1609
5339 796 692 768 717
5340 1664 1610 1674 1626
5341 1622 1690 1660 1697
5342 1660 1622 1697 1566
5343 428 411 499 360
5344 519 479 661 591
5345 519 479 591 481
5346 479 591 481 523
5347 479 591 523 661
5348 1891 1929 1881 1937
5349 1881 1891 1937 1803
5350 983 1020 986 878
5351 61 54 104 78
5352 61 54 78 35
5353 54 104 78 98
5354 14 4 19 8
5355 1518 1567 1615 1595
5356 1518 1567 1595 1459
5357 1567 1615 1595 1663
5358 1595 1567 1663 1522
5359 1214 1228 1126 1141
5360 848 908 802 775
5361 908 802 775 902
5362 1867 1840 1862 1761
5363 1862 1867 1761 1789
5364 1867 1840 1761 1850
5365 1840 1862 1761 1755
5366 1761 1840 1755 1736
5367 1761 1840 1736 1850
5368 1840 1755 1736 1748
5369 1755 1761 1736 1631
5370 1755 1736 1748 1631
5371 1840 1736 1850 1688
5372 1862 1761 1755 1682
5373 1181 1213 1195 1272
5374 1181 1213 1272 1283
5375 1213 1195 1272 1293
5376 1272 1213 1293 1332
5377 1213 1195 1293 1164
5378 918 924 980 788
5379 1172 1245 1217 1120
5380 638 654 501 641
5381 356 479 519 367
5382 996 1002 1072 1127
5383 1002 1072 1127 1088
5384 1002 1072 1088 992
5385 1072 1127 1088 1221
5386 103 122 138 117
5387 1346 1361 1260 1350
5388 1769 1677 1685 1725
5389 65 129 84 113
5390 1432 1358 1449 1446
5391 1167 1047 1110 1104
5392 1047 1110 1104 1016
5393 1047 1110 1016 1010
5394 1047 1110 1010 992
5395 1104 1047 1016 1039
5396 1104 1047 1039 1167
5397 1016 1047 1010 926
5398 1110 1016 1010 973
5399 1110 1104 1016 1055
5400 1047 1016 1039 926
5401 1016 1104 1039 980
5402 692 796 655 731
5403 692 796 731 717
5404 169 200 152 228
5405 76 56 26 66
5406 397 401 313 475
5407 1857 1861 1884 1770
5408 1694 1748 1757 1641
5409 560 499 414 509
5410 35 79 71 69
5411 675 716 773 872
5412 716 773 872 783
5413 743 592 737 526
5414 564 504 694 587
5415 1824 1817 1804 1696
5416 222 192 245 206
5417 192 245 206 121
5418 822 708 793 688
5419 1940 1854 1915 1896
5420 1020 1077 986 1066
5421 986 1020 1066 959
5422 1020 1077 1066 1148
5423 1066 1020 1148 1045
5424 1066 1020 1045 959
5425 1020 1148 1045 1134
5426 92 42 64 52
5427 1457 1424 1334 1389
5428 76 109 56 66
5429 76 109 66 72
5430 464 456 326 492
5431 1012 992 906 1002
5432 269 245 273 322
5433 273 269 322 223
5434 322 273 223 312
5435 322 273 312 357
5436 322 273 357 245
5437 870 755 785 860
5438 1505 1448 1471 1417
5439 535 599 437 597
5440 684 616 577 641
5441 1278 1168 1225 1234
5442 365 448 330 467
5443 448 330 467 417
5444 1698 1655 1691 1736
5445 1691 1698 1736 1850
5446 1273 1326 1350 1383
5447 486 405 582 433
5448 486 405 433 295
5449 748 651 839 719
5450 839 748 719 863
5451 748 651 719 671
5452 719 748 671 863
5453 988 919 900 1002
5454 1012 1022 1034 1092
5455 1327 1234 1245 1329
5456 70 74 123 140
5457 487 383 349 418
5458 349 487 418 423
5459 418 349 423 384
5460 487 383 418 477
5461 383 349 418 287
5462 1232 1242 1136 1150
5463 1169 1092 1163 1221
5464 103 150 138 119
5465 1361 1296 1260 1221
5466 311 269 322 245
5467 1635 1608 1733 1670
5468 448 330 417 361
5469 417 448 361 531
5470 417 448 531 613
5471 1933 1921 1894 1892
5472 1460 1449 1398 1467
5473 1449 1398 1467 1446
5474 1460 1449 1467 1533
5475 1449 1467 1533 1568
5476 854 893 958 873
5477 302 280 236 191
5478 1683 1698 1599 1768
5479 1365 1331 1301 1433
5480 1736 1757 1840 1748
5481 169 247 200 228
5482 905 922 902 1030
5483 1518 1461 1457 1394
5484 970 868 859 866
5485 202 194 135 204
5486 292 267 314 227
5487 251 361 260 265
5488 1392 1374 1380 1298
5489 1392 1374 1298 1371
5490 1374 1380 1298 1336
5491 906 1002 919 1012
5492 1526 1625 1527 1510
5493 1527 1526 1510 1422
5494 63 100 67 62
5495 288 409 435 404
5496 212 264 211 187
5497 962 947 908 979
5498 807 745 903 783
5499 1762 1663 1717 1646
5500 1663 1717 1646 1656
5501 1717 1762 1646 1768
5502 531 600 717 692
5503 1918 1937 1879 1881
5504 1918 1937 1881 1972
5505 1937 1879 1881 1803
5506 1879 1918 1881 1754
5507 1462 1366 1473 1396
5508 663 562 730 656
5509 663 562 656 625
5510 730 663 656 778
5511 562 656 625 487
5512 562 656 487 567
5513 873 900 801 698
5514 218 239 276 345
5515 1088 1022 1092 1163
5516 1092 1088 1163 1221
5517 1266 1359 1290 1291
5518 1290 1266 1291 1199
5519 1266 1359 1291 1339
5520 1266 1291 1199 1183
5521 1266 1291 1183 1339
5522 1199 1266 1183 1205
5523 1266 1183 1205 1221
5524 286 229 203 266
5525 519 479 481 367
5526 1337 1395 1258 1340
5527 1696 1611 1578 1566
5528 526 397 451 473
5529 451 526 473 614
5530 955 939 898 826
5531 1508 1473 1435 1402
5532 1473 1435 1402 1366
5533 1435 1508 1402 1445
5534 1786 1679 1794 1709
5535 1794 1786 1709 1900
5536 1587 1666 1553 1596
5537 820 951 885 895
5538 820 951 895 923
5539 951 885 895 973
5540 978 895 1017 923
5541 232 275 178 268
5542 178 232 268 172
5543 232 275 268 393
5544 1170 1167 1100 1110
5545 1170 1167 1110 1238
5546 901 970 859 982
5547 1577 1521 1613 1547
5548 1577 1521 1547 1447
5549 471 336 443 340
5550 590 628 509 711
5551 1454 1361 1436 1482
5552 1581 1598 1708 1652
5553 1215 1251 1222 1191
5554 1245 1217 1120 1249
5555 1245 1217 1249 1345
5556 363 401 326 492
5557 1431 1494 1382 1437
5558 1840 1862 1755 1847
5559 1862 1755 1847 1702
5560 1755 1847 1702 1687
5561 517 397 514 475
5562 1125 1126 1158 1228
5563 1697 1696 1824 1804
5564 1061 950 986 972
5565 987 910 926 1039
5566 688 676 543 793
5567 1172 1245 1120 1234
5568 869 881 897 982
5569 656 576 625 477
5570 1349 1289 1240 1377
5571 658 564 587 480
5572 987 1047 926 1021
5573 1494 1429 1382 1454
5574 1633 1586 1578 1687
5575 1738 1789 1682 1761
5576 464 544 602 492
5577 544 602 492 647
5578 464 544 492 401
5579 492 544 647 648
5580 492 544 648 412
5581 1119 1042 1140 1090
5582 937 993 940 1043
5583 1578 1481 1482 1546
5584 1481 1482 1546 1436
5585 1481 1482 1436 1350
5586 1546 1481 1436 1593
5587 1436 1481 1350 1484
5588 1473 1508 1458 1402
5589 736 565 716 681
5590 467 448 417 613
5591 53 107 113 69
5592 1781 1786 1745 1868
5593 150 221 202 258
5594 267 215 227 165
5595 1274 1342 1237 1304
5596 873 988 900 954
5597 1471 1417 1553 1505
5598 1553 1471 1505 1497
5599 1505 1553 1497 1596
5600 1505 1553 1596 1556
5601 1497 1505 1596 1496
5602 1787 1726 1894 1795
5603 1726 1894 1795 1869
5604 1894 1787 1795 1918
5605 1795 1894 1918 1869
5606 1918 1795 1869 1754
5607 1016 1010 973 926
5608 1368 1442 1420 1332
5609 1420 1368 1332 1283
5610 1442 1420 1332 1492
5611 1332 1420 1283 1305
5612 1332 1420 1305 1403
5613 1332 1420 1403 1492
5614 1442 1420 1492 1488
5615 1492 1442 1488 1579
5616 1442 1420 1488 1434
5617 1488 1442 1434 1579
5618 1420 1488 1434 1396
5619 1488 1492 1579 1462
5620 1488 1492 1462 1420
5621 1579 1488 1462 1545
5622 273 357 245 310
5623 273 357 310 223
5624 951 906 885 992
5625 478 557 665 533
5626 905 991 922 1030
5627 567 576 656 487
5628 1381 1291 1369 1411
5629 818 909 893 981
5630 137 95 149 180
5631 359 277 255 332
5632 875 997 924 874
5633 1231 1206 1283 1181
5634 420 335 400 389
5635 1004 916 912 970
5636 334 238 343 285
5637 1399 1453 1464 1557
5638 1538 1508 1435 1556
5639 1197 1113 1164 1219
5640 1025 911 965 1000
5641 1942 1895 1894 1918
5642 1355 1280 1236 1324
5643 1355 1280 1324 1379
5644 1355 1280 1379 1338
5645 1324 1355 1379 1422
5646 1280 1324 1379 1306
5647 1280 1324 1306 1202
5648 1379 1280 1306 1338
5649 1324 1379 1306 1418
5650 1306 1280 1202 1222
5651 1280 1306 1338 1261
5652 1324 1306 1202 1275
5653 1324 1306 1275 1323
5654 1306 1275 1323 1210
5655 1275 1323 1210 1284
5656 1275 1323 1284 1301
5657 1284 1275 1301 1162
5658 1210 1275 1284 1162
5659 1210 1275 1162 1202
5660 1284 1210 1162 1175
5661 1210 1162 1175 1089
5662 1210 1162 1089 1149
5663 1275 1324 1323 1301
5664 1275 1324 1301 1202
5665 1210 1162 1149 1202
5666 1162 1175 1089 1077
5667 1162 1175 1077 1194
5668 1162 1175 1194 1284
5669 1077 1162 1194 1160
5670 1162 1194 1160 1301
5671 1306 1202 1275 1210
5672 1324 1306 1323 1418
5673 1194 1160 1301 1189
5674 1194 1160 1189 1077
5675 1301 1194 1189 1241
5676 1194 1189 1241 1082
5677 1189 1194 1077 1082
5678 478 575 449 587
5679 1500 1443 1430 1551
5680 1047 1010 926 992
5681 1010 926 992 885
5682 992 1010 885 951
5683 1010 926 885 973
5684 992 1010 951 1017
5685 1299 1332 1305 1403
5686 1205 1101 1199 1157
5687 1251 1313 1222 1338
5688 1313 1222 1338 1306
5689 1236 1333 1308 1355
5690 561 456 457 398
5691 950 1061 1031 972
5692 1297 1378 1354 1292
5693 394 506 538 438
5694 786 855 698 900
5695 1281 1357 1243 1311
5696 1281 1357 1311 1372
5697 1311 1281 1372 1336
5698 1372 1311 1336 1417
5699 1336 1372 1417 1471
5700 1372 1417 1471 1448
5701 1311 1336 1417 1374
5702 1281 1357 1372 1407
5703 1311 1281 1336 1240
5704 1243 1281 1311 1176
5705 1357 1311 1372 1417
5706 1336 1311 1240 1228
5707 1336 1372 1471 1377
5708 1336 1372 1377 1285
5709 1336 1372 1285 1281
5710 1372 1377 1285 1407
5711 1372 1377 1407 1471
5712 1372 1285 1281 1407
5713 1377 1336 1285 1240
5714 1407 1372 1471 1448
5715 1336 1285 1240 1281
5716 483 601 620 653
5717 1406 1459 1468 1522
5718 476 448 467 577
5719 1402 1458 1437 1508
5720 1017 1099 1111 1033
5721 1099 1111 1033 1065
5722 1017 1099 1033 1009
5723 1193 1190 1292 1233
5724 338 398 456 326
5725 665 786 698 550
5726 306 263 382 290
5727 306 263 290 172
5728 845 721 851 853
5729 786 865 923 895
5730 1843 1776 1902 1886
5731 415 462 519 619
5732 100 143 67 118
5733 67 100 118 62
5734 565 457 512 631
5735 667 665 770 557
5736 667 665 557 538
5737 665 557 538 482
5738 557 538 482 396
5739 557 667 538 580
5740 557 667 580 770
5741 665 557 482 533
5742 1190 1211 1292 1270
5743 1211 1292 1270 1318
5744 1190 1211 1270 1192
5745 851 911 946 971
5746 851 911 971 944
5747 911 946 971 1052
5748 946 971 1052 1006
5749 971 1052 1006 994
5750 514 475 639 517
5751 1248 1294 1297 1378
5752 419 371 483 532
5753 1236 1160 1259 1301
5754 1468 1381 1411 1466
5755 642 673 660 794
5756 469 586 631 706
5757 1902 1867 1898 1775
5758 1011 976 935 943
5759 366 419 483 481
5760 483 366 481 523
5761 59 78 116 98
5762 753 845 851 893
5763 1299 1305 1318 1403
5764 1203 1157 1121 1222
5765 344 259 333 227
5766 1334 1310 1353 1371
5767 1018 977 927 1076
5768 575 580 675 770
5769 1197 1268 1281 1315
5770 242 319 216 294
5771 600 623 717 731
5772 717 600 731 692
5773 1607 1517 1619 1632
5774 311 431 376 396
5775 41 63 74 87
5776 74 41 87 56
5777 827 941 846 921
5778 618 506 703 596
5779 1165 1252 1226 1192
5780 647 525 492 474
5781 620 523 515 483
5782 1494 1431 1555 1437
5783 1468 1411 1520 1490
5784 580 512 675 716
5785 116 79 139 78
5786 1456 1397 1369 1355
5787 777 641 613 616
5788 447 478 449 322
5789 59 66 44 37
5790 1196 1243 1216 1112
5791 909 1018 927 893
5792 1130 1067 1129 1019
5793 309 209 290 232
5794 209 290 232 172
5795 365 361 251 330
5796 1378 1396 1473 1366
5797 1378 1396 1366 1305
5798 1366 1378 1305 1318
5799 1305 1366 1318 1403
5800 1305 1366 1403 1420
5801 1305 1366 1420 1396
5802 1364 1268 1332 1428
5803 1380 1392 1298 1302
5804 1298 1380 1302 1336
5805 1295 1367 1261 1290
5806 1295 1367 1290 1328
5807 1367 1261 1290 1369
5808 525 431 374 378
5809 1555 1604 1583 1458
5810 1211 1108 1128 1102
5811 1108 1128 1102 1054
5812 1128 1102 1054 1112
5813 1128 1102 1112 1243
5814 1054 1128 1112 1131
5815 1108 1128 1054 1143
5816 1128 1054 1143 1131
5817 1054 1108 1143 988
5818 1128 1112 1131 1216
5819 1128 1112 1216 1243
5820 1833 1726 1762 1869
5821 1400 1297 1354 1351
5822 316 332 434 309
5823 1709 1753 1794 1900
5824 818 893 851 946
5825 1020 1045 959 938
5826 1020 1045 938 1008
5827 938 1020 1008 878
5828 1045 938 1008 1032
5829 1008 938 878 948
5830 1008 938 948 1032
5831 1020 1045 1008 1134
5832 912 909 781 916
5833 95 94 149 72
5834 944 957 947 853
5835 944 957 853 911
5836 965 911 883 1000
5837 1216 1299 1318 1243
5838 216 213 156 294
5839 410 416 498 489
5840 498 410 489 423
5841 498 410 423 487
5842 489 498 423 515
5843 498 423 515 523
5844 423 515 523 384
5845 423 515 384 489
5846 1776 1767 1738 1863
5847 1767 1738 1863 1789
5848 1738 1863 1789 1775
5849 1776 1767 1863 1886
5850 706 827 844 846
5851 1127 1108 1190 1064
5852 660 732 703 642
5853 1491 1417 1374 1425
5854 338 311 376 245
5855 112 66 70 56
5856 1443 1397 1430 1338
5857 1252 1308 1286 1178
5858 1332 1231 1305 1283
5859 241 152 200 228
5860 1353 1252 1286 1310
5861 573 515 629 523
5862 1673 1691 1737 1837
5863 1004 1087 1028 1123
5864 516 659 642 608
5865 1664 1610 1626 1498
5866 12 8 23 40
5867 781 818 664 916
5868 106 116 156 158
5869 23 63 41 45
5870 41 23 45 34
5871 45 41 34 64
5872 34 45 64 52
5873 45 64 52 96
5874 34 45 52 23
5875 45 52 23 63
5876 45 52 63 96
5877 45 64 96 85
5878 96 45 85 63
5879 85 96 63 135
5880 85 96 135 64
5881 63 85 135 101
5882 85 135 101 87
5883 101 85 87 63
5884 85 135 87 119
5885 85 135 119 64
5886 135 101 87 140
5887 101 87 140 74
5888 101 87 74 63
5889 87 85 119 64
5890 63 41 45 85
5891 52 23 63 67
5892 45 64 85 41
5893 1378 1473 1402 1366
5894 820 885 740 895
5895 677 726 869 859
5896 1406 1424 1459 1522
5897 863 912 781 795
5898 863 912 795 961
5899 781 863 795 668
5900 795 781 668 649
5901 668 795 649 713
5902 863 795 668 852
5903 795 668 852 713
5904 1087 981 1028 1113
5905 1028 1087 1113 1123
5906 272 250 299 402
5907 1739 1644 1787 1724
5908 1360 1295 1261 1256
5909 1360 1295 1256 1321
5910 1261 1360 1256 1222
5911 1256 1261 1222 1157
5912 1201 1297 1230 1163
5913 946 921 827 818
5914 1211 1216 1318 1243
5915 765 895 786 820
5916 895 786 820 923
5917 786 765 820 550
5918 786 820 923 900
5919 786 820 900 698
5920 786 820 698 550
5921 1048 1052 1025 911
5922 405 316 434 433
5923 405 316 433 295
5924 434 405 433 582
5925 545 718 636 682
5926 545 718 682 580
5927 977 942 999 1059
5928 1394 1353 1286 1310
5929 884 834 808 929
5930 808 884 929 1001
5931 884 834 929 948
5932 951 923 1017 895
5933 1017 951 895 973
5934 1357 1299 1243 1318
5935 933 920 1027 984
5936 891 931 778 935
5937 238 274 343 287
5938 818 851 827 946
5939 137 149 216 180
5940 1113 1095 1164 1087
5941 1164 1113 1087 1219
5942 1095 1164 1087 1135
5943 1164 1087 1135 1195
5944 1113 1095 1087 981
5945 1517 1580 1619 1549
5946 1619 1517 1549 1632
5947 431 565 512 580
5948 1532 1450 1560 1445
5949 1049 1009 894 905
5950 817 667 770 905
5951 1201 1248 1297 1193
5952 1202 1236 1203 1280
5953 754 801 876 800
5954 876 754 800 640
5955 1411 1451 1520 1517
5956 346 245 376 357
5957 79 137 139 133
5958 139 79 133 71
5959 137 139 133 214
5960 66 94 44 72
5961 1453 1360 1443 1404
5962 1360 1443 1404 1338
5963 1283 1206 1217 1181
5964 1458 1489 1498 1575
5965 857 850 959 774
5966 1681 1608 1733 1615
5967 565 561 457 631
5968 266 384 332 277
5969 1396 1489 1473 1545
5970 587 575 689 478
5971 513 394 538 396
5972 1367 1399 1464 1328
5973 1521 1515 1598 1476
5974 618 746 765 650
5975 765 618 650 550
5976 618 746 650 581
5977 650 618 581 438
5978 618 746 581 596
5979 746 650 581 611
5980 650 581 611 494
5981 581 611 494 458
5982 581 611 458 596
5983 581 611 596 764
5984 494 581 458 438
5985 458 581 596 506
5986 611 494 458 490
5987 494 458 490 403
5988 490 494 403 438
5989 494 458 403 438
5990 611 494 490 652
5991 458 490 403 344
5992 490 403 344 333
5993 403 344 333 314
5994 403 458 344 314
5995 490 494 438 579
5996 490 494 579 652
5997 579 490 652 459
5998 579 490 459 438
5999 596 581 764 746
6000 581 764 746 611
6001 650 581 494 438
6002 494 579 652 650
6003 494 579 650 438
6004 579 652 650 811
6005 490 403 333 438
6006 403 333 438 292
6007 611 650 494 652
6008 579 652 811 687
6009 941 1025 965 1078
6010 844 778 892 783
6011 778 892 783 935
6012 310 359 255 377
6013 255 310 377 223
6014 1093 1004 977 1091
6015 1093 1004 1091 1123
6016 1355 1406 1456 1422
6017 667 632 660 513
6018 1663 1646 1574 1656
6019 219 232 178 154
6020 119 164 191 202
6021 1659 1682 1592 1655
6022 1770 1836 1695 1722
6023 1255 1189 1187 1241
6024 550 533 633 698
6025 278 177 210 220
6026 1106 1137 1177 1021
6027 1520 1599 1490 1563
6028 176 153 201 125
6029 1383 1429 1482 1361
6030 1157 1073 1055 1110
6031 921 946 981 818
6032 1768 1843 1910 1833
6033 1416 1393 1392 1302
6034 1669 1749 1674 1605
6035 74 101 63 86
6036 578 465 489 434
6037 1568 1657 1571 1611
6038 467 476 577 471
6039 476 577 471 543
6040 261 201 188 254
6041 1522 1539 1456 1510
6042 1242 1214 1136 1226
6043 1559 1618 1540 1532
6044 1612 1524 1615 1559
6045 1746 1719 1742 1852
6046 947 1060 1069 1044
6047 1060 1069 1044 1185
6048 812 928 943 807
6049 1498 1460 1533 1564
6050 1860 1887 1814 1760
6051 1393 1444 1362 1356
6052 161 149 156 130
6053 161 149 130 125
6054 130 161 125 176
6055 130 161 176 235
6056 156 161 130 235
6057 165 175 227 218
6058 254 237 196 257
6059 1440 1514 1568 1502
6060 1027 984 1062 933
6061 661 519 591 720
6062 519 670 619 661
6063 299 318 300 406
6064 245 206 273 310
6065 1538 1545 1638 1579
6066 721 798 853 675
6067 400 389 530 420
6068 1137 1179 1152 1058
6069 1739 1801 1714 1645
6070 1439 1398 1460 1335
6071 1738 1775 1776 1863
6072 334 397 235 342
6073 334 397 342 473
6074 1713 1772 1781 1635
6075 1255 1325 1259 1189
6076 320 399 271 261
6077 271 320 261 257
6078 320 399 261 327
6079 320 399 327 358
6080 399 261 327 362
6081 261 327 362 260
6082 327 399 362 502
6083 320 261 257 327
6084 362 261 260 265
6085 257 320 327 358
6086 643 661 813 809
6087 643 661 809 704
6088 1176 1125 1158 1228
6089 1350 1436 1346 1361
6090 1620 1593 1694 1665
6091 98 121 123 206
6092 971 911 1052 944
6093 1052 971 944 994
6094 768 692 616 613
6095 41 87 56 55
6096 87 56 55 93
6097 56 41 55 34
6098 41 55 34 64
6099 55 34 64 93
6100 64 55 93 87
6101 55 34 93 43
6102 41 87 55 64
6103 1555 1592 1576 1659
6104 1304 1393 1416 1302
6105 213 180 270 284
6106 1045 959 938 945
6107 938 1045 945 1032
6108 1767 1745 1868 1781
6109 1488 1462 1545 1420
6110 517 672 544 511
6111 1260 1273 1350 1361
6112 286 203 295 300
6113 874 904 969 756
6114 31 62 40 23
6115 1120 1019 999 1118
6116 1484 1427 1408 1350
6117 267 304 308 243
6118 612 498 562 469
6119 1921 1833 1894 1870
6120 1580 1668 1667 1572
6121 1668 1667 1572 1658
6122 1668 1667 1658 1779
6123 1572 1668 1658 1539
6124 1580 1668 1572 1539
6125 1667 1572 1658 1606
6126 1658 1667 1606 1722
6127 1572 1658 1606 1573
6128 1658 1606 1573 1722
6129 1572 1658 1573 1539
6130 1606 1572 1573 1543
6131 1606 1572 1543 1667
6132 1543 1606 1667 1695
6133 1606 1667 1695 1722
6134 1572 1543 1667 1580
6135 1110 1167 1104 1174
6136 1833 1763 1870 1906
6137 1093 1166 1195 1091
6138 1093 1166 1091 1059
6139 204 277 266 167
6140 266 204 167 194
6141 1925 1869 1944 1833
6142 1077 1115 1160 1086
6143 1043 1137 1106 1021
6144 1521 1613 1547 1511
6145 1521 1613 1511 1581
6146 1547 1521 1511 1447
6147 1050 1120 999 1057
6148 415 296 402 428
6149 1684 1648 1652 1559
6150 35 44 48 18
6151 44 48 18 24
6152 35 44 18 37
6153 244 161 213 294
6154 597 531 717 613
6155 597 531 613 417
6156 981 916 921 818
6157 1584 1623 1536 1559
6158 229 232 154 209
6159 398 464 451 592
6160 1387 1389 1334 1424
6161 946 1026 981 1095
6162 597 454 531 417
6163 454 531 417 361
6164 754 801 800 633
6165 1154 1244 1249 1217
6166 502 600 583 685
6167 1450 1461 1394 1375
6168 1394 1450 1375 1437
6169 1450 1461 1375 1445
6170 1306 1280 1222 1261
6171 1718 1811 1827 1737
6172 1312 1341 1303 1350
6173 340 467 372 443
6174 396 447 376 322
6175 282 394 337 292
6176 394 337 292 438
6177 1128 1211 1102 1243
6178 635 763 782 641
6179 1636 1657 1611 1687
6180 1292 1190 1270 1316
6181 1270 1292 1316 1375
6182 1190 1270 1316 1286
6183 1316 1190 1286 1339
6184 1286 1316 1339 1394
6185 1286 1316 1394 1288
6186 1286 1316 1288 1270
6187 1316 1288 1270 1375
6188 1288 1270 1375 1371
6189 1316 1339 1394 1437
6190 1288 1286 1270 1190
6191 1316 1394 1288 1375
6192 1394 1288 1375 1371
6193 1270 1288 1190 1192
6194 1394 1286 1288 1310
6195 1286 1288 1310 1192
6196 1288 1394 1310 1371
6197 1113 1116 1026 1145
6198 1111 1017 1033 1007
6199 1033 1111 1007 1029
6200 1007 1033 1029 963
6201 1029 1007 963 978
6202 1029 1007 978 1111
6203 1007 963 978 923
6204 1007 978 1111 1017
6205 1007 978 1017 923
6206 963 1029 978 1042
6207 1017 1033 1007 923
6208 1029 978 1042 1111
6209 1007 1033 963 923
6210 963 1029 1042 1003
6211 963 1029 1003 1084
6212 1029 1042 1003 1084
6213 1029 1042 1084 1111
6214 1084 1029 1111 1033
6215 1033 1029 963 1065
6216 1033 1029 1065 1084
6217 963 1029 1084 1065
6218 1357 1243 1311 1374
6219 1102 1125 1037 994
6220 1466 1459 1518 1594
6221 1295 1261 1256 1157
6222 946 851 971 893
6223 46 72 24 48
6224 1776 1775 1902 1863
6225 1902 1776 1863 1886
6226 1775 1902 1863 1898
6227 1902 1863 1898 1931
6228 1902 1863 1931 1886
6229 746 765 650 862
6230 1929 1881 1937 1977
6231 1811 1827 1737 1757
6232 1811 1827 1757 1837
6233 1115 1003 1084 991
6234 1811 1757 1825 1837
6235 912 781 795 859
6236 1130 1230 1201 1172
6237 1130 1230 1172 1129
6238 1172 1130 1129 1019
6239 1201 1130 1172 1118
6240 327 362 260 369
6241 362 260 369 442
6242 327 362 369 502
6243 26 15 24 18
6244 158 121 206 245
6245 399 261 362 265
6246 416 449 587 480
6247 587 416 480 564
6248 416 449 480 322
6249 449 587 480 478
6250 587 480 478 547
6251 480 478 547 345
6252 896 858 879 986
6253 1977 1903 1881 1972
6254 893 927 958 1018
6255 1873 1746 1852 1719
6256 975 917 990 1053
6257 1668 1673 1667 1756
6258 1667 1668 1756 1779
6259 1944 1869 1894 1833
6260 1280 1222 1261 1203
6261 1690 1660 1697 1804
6262 448 616 613 467
6263 78 59 54 98
6264 1930 1841 1913 1860
6265 1559 1540 1452 1532
6266 1195 1093 1091 1123
6267 1833 1933 1944 1925
6268 1692 1745 1794 1693
6269 1127 1002 1088 1163
6270 1088 1127 1163 1221
6271 1392 1314 1371 1298
6272 1392 1314 1298 1302
6273 1314 1298 1302 1228
6274 1298 1302 1228 1336
6275 1314 1298 1228 1239
6276 1314 1298 1239 1371
6277 1298 1228 1239 1311
6278 1298 1228 1311 1336
6279 1659 1738 1682 1655
6280 834 808 929 832
6281 808 929 832 932
6282 929 832 932 936
6283 808 929 932 1001
6284 929 932 1001 1015
6285 929 932 1015 936
6286 929 832 936 948
6287 1001 929 1015 884
6288 1015 929 936 948
6289 929 834 832 948
6290 832 932 936 838
6291 936 832 838 833
6292 832 932 838 808
6293 832 838 833 693
6294 832 838 693 707
6295 936 832 833 882
6296 936 832 882 948
6297 1192 1138 1226 1165
6298 1138 1226 1165 1198
6299 1138 1226 1198 1136
6300 18 7 17 8
6301 465 601 617 582
6302 19 26 34 23
6303 1439 1400 1351 1335
6304 1642 1666 1587 1596
6305 177 210 220 170
6306 1951 1939 1841 1926
6307 591 481 523 483
6308 794 790 673 660
6309 253 247 228 330
6310 1786 1732 1709 1900
6311 1837 1691 1850 1784
6312 1850 1837 1784 1880
6313 395 426 488 539
6314 834 808 832 647
6315 1603 1642 1556 1596
6316 892 883 783 917
6317 783 892 917 903
6318 892 883 917 1000
6319 1787 1726 1795 1704
6320 1726 1795 1704 1869
6321 1756 1770 1779 1883
6322 347 383 418 287
6323 1484 1566 1578 1611
6324 874 858 904 756
6325 1807 1713 1821 1649
6326 192 173 174 238
6327 335 488 400 395
6328 1262 1188 1152 1250
6329 1748 1817 1825 1847
6330 1548 1549 1557 1409
6331 1641 1694 1601 1718
6332 1903 1929 1815 1772
6333 140 101 74 167
6334 1425 1445 1435 1352
6335 1435 1425 1352 1318
6336 1352 1435 1318 1402
6337 1425 1445 1352 1374
6338 1318 1352 1402 1292
6339 1579 1488 1545 1569
6340 1545 1579 1569 1678
6341 1488 1545 1569 1479
6342 1545 1569 1479 1570
6343 1545 1569 1570 1640
6344 1569 1570 1640 1630
6345 1545 1569 1640 1678
6346 1569 1570 1630 1525
6347 1569 1479 1570 1438
6348 1570 1545 1640 1575
6349 1479 1545 1570 1489
6350 1640 1569 1630 1678
6351 1570 1545 1575 1489
6352 1570 1640 1630 1626
6353 920 990 1027 975
6354 676 576 683 625
6355 96 114 64 52
6356 616 768 613 777
6357 204 174 167 140
6358 204 174 140 190
6359 167 204 140 135
6360 174 140 190 112
6361 1588 1620 1593 1690
6362 1542 1616 1550 1565
6363 1550 1542 1565 1470
6364 1558 1565 1542 1470
6365 1465 1519 1565 1493
6366 1519 1565 1493 1548
6367 1665 1647 1686 1550
6368 1588 1593 1578 1700
6369 1436 1465 1519 1593
6370 1647 1548 1637 1550
6371 1641 1593 1546 1519
6372 1414 1470 1493 1465
6373 1414 1337 1346 1409
6374 1550 1493 1470 1565
6375 1465 1414 1519 1493
6376 1550 1493 1565 1548
6377 1550 1493 1548 1487
6378 1565 1550 1548 1665
6379 1700 1690 1660 1588
6380 1493 1519 1548 1409
6381 884 962 834 948
6382 1077 986 1066 1089
6383 1460 1498 1489 1513
6384 997 1055 924 1036
6385 550 539 579 740
6386 1414 1519 1493 1409
6387 1548 1519 1549 1409
6388 1549 1519 1523 1401
6389 1546 1523 1519 1436
6390 1436 1414 1346 1401
6391 1414 1436 1519 1401
6392 1700 1690 1588 1593
6393 40 31 23 12
6394 1205 1170 1296 1221
6395 743 814 681 615
6396 1598 1581 1476 1537
6397 1598 1581 1537 1652
6398 1745 1777 1868 1841
6399 1360 1256 1222 1251
6400 1256 1222 1251 1191
6401 1251 1256 1191 1321
6402 1251 1256 1321 1360
6403 583 655 731 692
6404 731 583 692 600
6405 731 583 600 685
6406 526 464 592 451
6407 592 526 451 614
6408 1267 1258 1167 1229
6409 1267 1258 1229 1340
6410 1267 1258 1340 1328
6411 1229 1267 1340 1295
6412 1418 1373 1486 1379
6413 1418 1373 1379 1306
6414 1373 1379 1306 1338
6415 1664 1609 1610 1498
6416 1108 1190 1064 1192
6417 1684 1803 1754 1751
6418 1684 1803 1751 1708
6419 1751 1684 1708 1612
6420 1754 1684 1751 1704
6421 1751 1754 1704 1795
6422 1704 1751 1795 1787
6423 1754 1704 1795 1869
6424 1751 1754 1795 1879
6425 1795 1751 1879 1787
6426 1751 1684 1612 1704
6427 1803 1751 1708 1879
6428 1420 1283 1305 1347
6429 229 232 209 309
6430 378 264 311 374
6431 1376 1278 1329 1245
6432 743 805 615 644
6433 726 869 859 921
6434 201 261 327 254
6435 1424 1504 1567 1522
6436 280 250 191 352
6437 280 250 352 402
6438 1485 1576 1594 1561
6439 1423 1438 1525 1412
6440 1158 1228 1240 1176
6441 1278 1172 1168 1234
6442 210 194 299 300
6443 853 944 911 851
6444 1770 1756 1861 1883
6445 1756 1861 1883 1880
6446 380 474 355 421
6447 1054 1108 988 994
6448 802 775 902 770
6449 1049 1037 1030 894
6450 231 182 113 180
6451 231 182 180 270
6452 182 113 180 179
6453 180 182 179 270
6454 306 233 263 172
6455 1429 1454 1361 1382
6456 294 313 244 235
6457 1292 1190 1316 1339
6458 413 533 345 426
6459 345 413 426 276
6460 413 533 426 633
6461 176 260 251 235
6462 699 566 556 474
6463 804 863 671 748
6464 311 264 212 242
6465 978 1111 1017 1073
6466 978 1111 1073 1042
6467 263 382 290 268
6468 382 290 268 393
6469 290 263 268 172
6470 838 833 693 712
6471 693 838 712 724
6472 833 693 712 699
6473 693 712 699 566
6474 712 693 724 563
6475 712 693 563 566
6476 563 712 566 595
6477 563 712 595 724
6478 566 563 595 470
6479 595 563 724 553
6480 595 563 553 412
6481 724 595 553 627
6482 563 724 553 648
6483 724 553 648 749
6484 563 724 648 693
6485 553 563 648 412
6486 648 563 693 492
6487 724 648 693 838
6488 724 648 838 842
6489 724 648 842 749
6490 1882 1732 1821 1908
6491 485 501 339 467
6492 485 501 467 613
6493 1391 1333 1334 1325
6494 562 730 656 593
6495 656 562 593 567
6496 1668 1673 1756 1780
6497 615 602 707 808
6498 602 707 808 647
6499 466 414 350 375
6500 466 414 375 548
6501 319 307 216 324
6502 1719 1657 1742 1773
6503 1657 1742 1773 1687
6504 1742 1773 1687 1852
6505 1742 1773 1852 1719
6506 1687 1742 1852 1847
6507 865 963 923 895
6508 591 661 720 813
6509 1834 1847 1817 1687
6510 1817 1834 1687 1696
6511 525 647 636 474
6512 1055 973 924 980
6513 654 503 641 637
6514 396 447 322 337
6515 396 447 337 482
6516 889 949 927 999
6517 202 258 204 150
6518 84 136 81 125
6519 84 136 125 113
6520 902 825 894 770
6521 894 902 770 853
6522 676 812 887 888
6523 1099 1017 996 1009
6524 1567 1612 1615 1704
6525 862 918 885 740
6526 1300 1204 1303 1254
6527 653 532 574 483
6528 293 299 300 406
6529 1476 1537 1515 1598
6530 735 617 757 601
6531 617 757 601 653
6532 601 617 653 483
6533 757 601 653 792
6534 457 472 469 631
6535 1439 1351 1398 1335
6536 291 225 164 234
6537 291 225 234 352
6538 225 164 234 191
6539 234 225 191 352
6540 1626 1699 1752 1828
6541 337 282 292 246
6542 337 282 246 322
6543 246 337 322 345
6544 246 337 345 218
6545 246 337 218 292
6546 337 218 292 333
6547 218 292 333 227
6548 1470 1493 1465 1565
6549 4 15 8 11
6550 673 789 718 878
6551 181 150 202 119
6552 556 566 439 380
6553 1896 1907 1951 1868
6554 147 165 151 215
6555 1370 1396 1294 1347
6556 1396 1294 1347 1305
6557 1370 1396 1347 1412
6558 1670 1683 1738 1655
6559 456 492 374 326
6560 1589 1506 1536 1491
6561 617 532 653 483
6562 347 288 435 404
6563 544 672 648 511
6564 1308 1269 1291 1199
6565 1269 1291 1199 1290
6566 1217 1172 1120 1118
6567 1120 1217 1118 1132
6568 1118 1120 1132 999
6569 1217 1118 1132 1181
6570 1120 1217 1132 1154
6571 1172 1120 1118 1019
6572 680 657 748 854
6573 1055 924 1036 980
6574 694 706 586 504
6575 1167 1204 1258 1254
6576 503 496 372 443
6577 503 496 443 635
6578 1108 1085 988 1002
6579 643 567 656 593
6580 1435 1402 1366 1318
6581 875 896 963 1042
6582 566 470 439 380
6583 299 280 427 402
6584 1079 989 1136 1069
6585 1656 1644 1739 1625
6586 1739 1656 1625 1714
6587 1656 1644 1625 1527
6588 1335 1370 1376 1460
6589 136 196 188 125
6590 1736 1641 1757 1748
6591 978 875 963 1042
6592 428 505 415 375
6593 1958 1931 1955 1885
6594 1955 1958 1885 1908
6595 1958 1931 1885 1886
6596 1931 1885 1886 1767
6597 1118 1206 1143 1080
6598 1118 1206 1080 1076
6599 1080 1118 1076 999
6600 1143 1118 1080 1051
6601 1118 1080 1051 999
6602 1143 1118 1051 1201
6603 1080 1143 1051 1131
6604 1051 1080 1131 1018
6605 1076 1080 999 927
6606 726 677 573 702
6607 476 404 569 543
6608 398 451 472 592
6609 360 291 289 234
6610 360 291 234 428
6611 1688 1675 1718 1641
6612 1020 1082 1148 1134
6613 846 730 778 706
6614 834 848 682 718
6615 682 834 718 710
6616 718 682 710 636
6617 710 718 636 789
6618 682 834 710 647
6619 710 682 647 636
6620 647 710 636 693
6621 647 710 693 832
6622 647 710 832 834
6623 693 647 832 707
6624 710 693 832 833
6625 636 710 789 742
6626 636 710 742 693
6627 710 742 693 833
6628 742 693 833 699
6629 833 742 699 850
6630 833 742 850 816
6631 833 742 816 710
6632 742 699 850 789
6633 742 850 816 789
6634 816 742 789 710
6635 850 816 789 938
6636 789 636 742 699
6637 636 742 699 693
6638 636 647 693 474
6639 789 816 710 849
6640 850 833 816 945
6641 816 850 945 938
6642 945 816 938 882
6643 945 816 882 833
6644 816 882 833 710
6645 816 882 710 849
6646 816 938 882 878
6647 938 945 882 1032
6648 816 789 938 878
6649 882 945 833 936
6650 882 945 936 1032
6651 710 832 834 882
6652 710 832 882 833
6653 832 834 882 948
6654 1248 1292 1318 1378
6655 529 434 436 549
6656 529 434 549 582
6657 1612 1524 1559 1537
6658 652 521 691 687
6659 1126 1023 1144 1136
6660 273 223 312 357
6661 565 682 716 580
6662 574 532 468 419
6663 532 468 419 406
6664 468 419 406 299
6665 468 574 419 388
6666 419 468 388 299
6667 574 532 419 483
6668 419 532 406 371
6669 388 419 299 272
6670 1114 1187 1134 1207
6671 363 374 492 326
6672 816 882 849 878
6673 819 661 813 720
6674 1418 1486 1531 1441
6675 1531 1418 1441 1477
6676 1418 1441 1477 1365
6677 170 203 194 300
6678 104 166 147 98
6679 1000 1053 1071 990
6680 1867 1862 1898 1789
6681 1061 1162 1140 1149
6682 1140 1061 1149 1031
6683 831 872 917 783
6684 1372 1357 1417 1448
6685 348 470 391 324
6686 391 348 324 284
6687 1376 1335 1460 1398
6688 1206 1080 1076 1131
6689 1080 1076 1131 1018
6690 1080 1076 1018 927
6691 1206 1080 1131 1143
6692 1575 1629 1508 1628
6693 1807 1821 1740 1649
6694 1423 1525 1516 1412
6695 1516 1423 1412 1410
6696 1423 1412 1410 1327
6697 516 545 474 378
6698 1897 1913 1759 1828
6699 853 721 675 770
6700 482 413 345 337
6701 413 345 337 333
6702 135 170 194 210
6703 1159 1107 1186 1122
6704 1761 1867 1850 1775
6705 1761 1867 1775 1789
6706 206 246 223 166
6707 206 246 166 212
6708 337 345 218 333
6709 1411 1520 1490 1517
6710 574 468 524 388
6711 1485 1494 1555 1437
6712 1485 1494 1437 1382
6713 1656 1663 1644 1522
6714 709 589 690 824
6715 452 370 309 312
6716 1028 921 964 1024
6717 921 964 1024 881
6718 964 1028 1024 1075
6719 1028 1024 1075 1145
6720 1024 964 1075 982
6721 1024 964 982 881
6722 1075 1024 982 1056
6723 1075 1024 1056 1145
6724 1024 982 1056 881
6725 1024 1056 1145 1035
6726 964 1075 982 970
6727 964 1028 1075 1123
6728 1028 1075 1123 1124
6729 1028 1075 1124 1145
6730 1123 1028 1124 1113
6731 1028 1124 1113 1026
6732 1075 1123 1124 1219
6733 1124 1113 1026 1145
6734 1075 1124 1145 1219
6735 1124 1113 1145 1235
6736 1123 1124 1219 1113
6737 1124 1219 1113 1235
6738 1028 1124 1026 1145
6739 1113 1028 1026 981
6740 1687 1636 1702 1586
6741 680 547 657 689
6742 1858 1908 1772 1885
6743 317 307 240 214
6744 1231 1213 1181 1283
6745 1597 1486 1551 1510
6746 1034 1163 1130 1067
6747 1130 1034 1067 1019
6748 1130 1034 1019 1118
6749 793 683 676 543
6750 1155 1063 1173 1207
6751 1173 1155 1207 1287
6752 1295 1399 1328 1340
6753 1600 1613 1598 1708
6754 672 644 805 860
6755 805 672 860 842
6756 441 547 426 345
6757 1628 1642 1591 1556
6758 1452 1374 1371 1445
6759 1817 1700 1696 1687
6760 1700 1696 1687 1578
6761 334 451 473 404
6762 633 539 589 488
6763 602 561 736 615
6764 602 561 615 464
6765 561 615 464 592
6766 561 615 592 681
6767 592 561 681 472
6768 561 615 681 736
6769 1621 1525 1630 1570
6770 918 862 788 811
6771 918 862 811 740
6772 862 811 740 650
6773 416 377 312 309
6774 876 754 640 803
6775 754 640 803 651
6776 876 754 803 856
6777 754 803 856 651
6778 939 1050 952 955
6779 243 304 211 267
6780 759 869 771 792
6781 1182 1071 1146 1185
6782 1048 944 1052 911
6783 1162 1140 1149 1202
6784 1874 1862 1847 1764
6785 1359 1361 1454 1382
6786 1863 1898 1931 1926
6787 1863 1898 1926 1777
6788 1931 1863 1926 1767
6789 1695 1747 1667 1677
6790 395 426 539 413
6791 395 426 413 276
6792 1547 1433 1447 1511
6793 1244 1272 1348 1283
6794 883 853 957 911
6795 323 270 391 368
6796 1655 1683 1576 1670
6797 1366 1462 1420 1396
6798 1233 1246 1221 1322
6799 1246 1221 1322 1273
6800 1233 1246 1322 1351
6801 1246 1322 1351 1273
6802 1233 1246 1351 1297
6803 1134 1114 1207 1105
6804 350 289 228 253
6805 228 350 253 372
6806 289 228 253 234
6807 350 289 253 375
6808 221 253 228 181
6809 253 228 181 234
6810 221 253 181 234
6811 319 307 324 470
6812 325 221 296 375
6813 1980 1958 1976 1908
6814 1420 1283 1347 1348
6815 1283 1347 1348 1244
6816 849 878 718 789
6817 1210 1149 1264 1202
6818 1126 1214 1141 1136
6819 1266 1359 1339 1322
6820 1699 1752 1828 1841
6821 872 930 917 1000
6822 1449 1467 1568 1446
6823 839 856 826 651
6824 123 110 98 206
6825 543 477 404 614
6826 1138 1141 1226 1136
6827 1291 1199 1183 1286
6828 316 434 433 393
6829 1521 1515 1476 1424
6830 161 176 235 244
6831 1545 1640 1575 1638
6832 1545 1640 1638 1678
6833 1640 1638 1678 1741
6834 1638 1678 1741 1753
6835 1678 1640 1741 1854
6836 1640 1638 1741 1692
6837 1638 1741 1692 1794
6838 1741 1692 1794 1752
6839 517 544 401 511
6840 401 517 511 475
6841 830 926 914 934
6842 1926 1898 1912 1777
6843 1028 921 1024 1026
6844 921 1024 1026 966
6845 1024 1028 1026 1145
6846 1028 921 1026 981
6847 975 917 1053 892
6848 975 917 892 903
6849 466 443 548 375
6850 1496 1603 1596 1535
6851 339 330 417 467
6852 480 449 478 322
6853 1311 1336 1374 1298
6854 288 256 190 238
6855 1249 1244 1345 1217
6856 939 942 839 952
6857 839 939 952 826
6858 931 1035 1078 1038
6859 1814 1877 1752 1854
6860 1425 1352 1318 1357
6861 1425 1352 1357 1374
6862 1352 1318 1357 1243
6863 1352 1318 1243 1263
6864 1352 1318 1263 1270
6865 1263 1352 1270 1319
6866 1270 1263 1319 1224
6867 1270 1263 1224 1211
6868 1270 1263 1211 1318
6869 1263 1319 1224 1243
6870 1263 1224 1211 1243
6871 1263 1211 1318 1243
6872 1263 1352 1319 1243
6873 1224 1319 1239 1243
6874 1270 1224 1288 1192
6875 1531 1486 1597 1510
6876 1531 1486 1510 1441
6877 1561 1450 1485 1437
6878 1450 1485 1437 1394
6879 1485 1561 1437 1583
6880 1485 1561 1583 1576
6881 1184 1240 1209 1317
6882 188 271 184 193
6883 184 188 193 105
6884 547 537 426 633
6885 1772 1730 1754 1615
6886 989 1030 1136 1037
6887 176 201 260 244
6888 644 639 785 672
6889 1467 1440 1568 1446
6890 947 872 802 853
6891 872 802 853 675
6892 802 853 675 770
6893 950 986 972 840
6894 1275 1162 1202 1301
6895 1255 1325 1189 1331
6896 377 416 489 422
6897 377 416 422 309
6898 422 377 309 364
6899 309 422 364 434
6900 422 364 434 489
6901 422 364 489 377
6902 364 434 489 332
6903 364 434 332 309
6904 332 364 309 255
6905 332 364 255 359
6906 332 364 359 489
6907 364 255 359 377
6908 364 309 255 377
6909 959 938 945 850
6910 952 939 955 826
6911 1516 1525 1621 1513
6912 1516 1525 1513 1412
6913 688 624 784 822
6914 784 688 822 837
6915 784 688 837 762
6916 602 736 808 615
6917 798 911 853 883
6918 1667 1747 1643 1677
6919 180 213 216 240
6920 1166 1272 1244 1181
6921 1166 1272 1181 1195
6922 1244 1166 1181 1154
6923 1272 1244 1181 1283
6924 1764 1789 1874 1862
6925 1555 1485 1437 1583
6926 1880 1878 1910 1768
6927 1880 1878 1768 1784
6928 1768 1880 1784 1780
6929 1880 1784 1780 1756
6930 1878 1768 1784 1850
6931 1880 1878 1784 1850
6932 1530 1563 1631 1523
6933 355 243 301 308
6934 243 301 308 205
6935 243 301 205 214
6936 213 270 324 284
6937 1883 1780 1779 1756
6938 1543 1443 1551 1512
6939 1323 1418 1365 1324
6940 834 882 948 849
6941 998 884 1001 1015
6942 261 188 257 254
6943 94 44 72 48
6944 44 72 48 24
6945 1132 1217 1181 1244
6946 1181 1132 1244 1154
6947 1181 1132 1154 1076
6948 1181 1132 1076 1118
6949 1132 1076 1118 999
6950 1132 1076 999 1154
6951 1611 1578 1586 1687
6952 299 388 272 402
6953 1850 1837 1840 1688
6954 889 999 1019 949
6955 412 324 387 500
6956 1135 1206 1231 1181
6957 551 497 522 674
6958 1423 1412 1327 1347
6959 1345 1423 1327 1347
6960 42 52 23 34
6961 1625 1656 1527 1590
6962 1625 1656 1590 1714
6963 1527 1625 1590 1510
6964 1590 1527 1510 1522
6965 1590 1527 1522 1656
6966 1625 1590 1510 1645
6967 1527 1510 1522 1422
6968 1522 1527 1422 1504
6969 1522 1527 1504 1644
6970 1527 1422 1504 1526
6971 1625 1590 1645 1714
6972 576 435 418 567
6973 1034 1022 1163 1092
6974 245 346 287 310
6975 481 479 523 366
6976 1869 1903 1918 1754
6977 1531 1526 1645 1547
6978 1266 1359 1322 1361
6979 1359 1322 1361 1382
6980 1359 1322 1382 1339
6981 1322 1382 1339 1354
6982 1382 1359 1339 1490
6983 1322 1361 1382 1351
6984 1382 1322 1351 1354
6985 474 351 355 374
6986 474 351 374 492
6987 829 754 876 856
6988 829 754 856 651
6989 140 101 167 135
6990 1175 1241 1148 1194
6991 1175 1241 1194 1284
6992 1241 1194 1284 1301
6993 1194 1284 1301 1162
6994 381 410 487 423
6995 1577 1650 1613 1724
6996 475 583 639 685
6997 1418 1441 1365 1324
6998 592 737 526 614
6999 346 357 310 245
7000 324 294 387 244
7001 201 260 244 327
7002 145 198 171 163
7003 1572 1573 1543 1500
7004 1543 1572 1500 1580
7005 1572 1573 1500 1539
7006 1500 1572 1539 1580
7007 599 597 613 485
7008 1352 1435 1402 1445
7009 1154 1151 1057 1120
7010 1516 1480 1605 1432
7011 154 167 229 157
7012 229 154 157 209
7013 154 167 157 123
7014 899 913 841 737
7015 416 480 564 559
7016 1580 1557 1549 1464
7017 1557 1549 1464 1409
7018 193 176 251 168
7019 316 275 393 433
7020 1175 1077 1194 1148
7021 1261 1295 1290 1157
7022 342 251 260 235
7023 1584 1537 1652 1559
7024 1356 1304 1274 1287
7025 680 754 651 640
7026 680 754 640 633
7027 1364 1403 1428 1332
7028 1580 1557 1464 1453
7029 639 583 731 685
7030 1531 1597 1645 1510
7031 1122 1094 1171 1078
7032 1094 1171 1078 1116
7033 338 311 245 230
7034 1053 1071 990 1070
7035 337 394 482 438
7036 999 1050 1057 952
7037 962 848 834 948
7038 31 62 23 67
7039 894 1009 923 905
7040 470 595 500 412
7041 1489 1460 1513 1412
7042 1646 1717 1768 1624
7043 1646 1717 1624 1656
7044 1312 1326 1408 1350
7045 789 938 878 857
7046 878 789 857 794
7047 857 878 794 986
7048 789 857 794 673
7049 405 286 295 406
7050 1641 1736 1631 1748
7051 753 845 893 873
7052 1322 1233 1351 1354
7053 1546 1481 1593 1578
7054 345 482 337 478
7055 591 519 481 598
7056 481 591 598 700
7057 591 598 700 720
7058 591 598 720 519
7059 598 700 720 607
7060 720 598 607 619
7061 598 700 607 481
7062 607 598 481 462
7063 607 598 462 619
7064 598 481 462 519
7065 1368 1442 1332 1428
7066 608 774 659 642
7067 1537 1529 1652 1581
7068 1537 1529 1581 1478
7069 1116 1094 1025 1078
7070 1516 1621 1605 1513
7071 1328 1401 1409 1464
7072 1728 1762 1726 1869
7073 1728 1762 1869 1886
7074 1372 1357 1448 1407
7075 1172 1278 1245 1234
7076 687 740 811 579
7077 740 811 579 650
7078 579 740 650 550
7079 650 579 550 438
7080 1569 1570 1525 1438
7081 126 135 194 167
7082 1058 1043 937 1014
7083 539 589 488 445
7084 518 505 509 626
7085 505 509 626 619
7086 518 505 626 607
7087 626 505 619 607
7088 391 470 500 324
7089 290 370 436 382
7090 101 167 135 126
7091 135 101 126 63
7092 101 167 126 86
7093 101 126 63 86
7094 789 857 959 938
7095 1402 1378 1366 1318
7096 1326 1279 1408 1363
7097 1326 1279 1363 1250
7098 855 900 873 698
7099 532 486 406 371
7100 451 473 404 614
7101 952 839 826 836
7102 952 839 836 956
7103 839 826 836 674
7104 768 692 613 717
7105 946 971 1006 893
7106 114 191 177 210
7107 893 958 873 845
7108 1892 1894 1870 1921
7109 534 623 502 685
7110 1082 1187 1189 1241
7111 1344 1358 1278 1329
7112 966 1035 1038 1056
7113 1038 966 1056 881
7114 1170 1260 1296 1221
7115 139 133 214 205
7116 139 133 205 132
7117 139 133 132 71
7118 205 139 132 195
7119 205 139 195 243
7120 139 132 195 147
7121 195 205 243 215
7122 195 205 215 132
7123 215 195 132 147
7124 220 143 170 197
7125 1025 941 1035 1078
7126 1417 1311 1374 1357
7127 1834 1852 1687 1734
7128 617 486 532 465
7129 403 458 314 385
7130 1634 1541 1582 1534
7131 1634 1541 1534 1637
7132 858 840 986 950
7133 858 840 950 904
7134 858 840 904 756
7135 870 755 860 806
7136 870 755 806 737
7137 755 806 737 644
7138 755 806 644 860
7139 563 595 470 412
7140 838 832 808 707
7141 832 808 707 647
7142 1688 1641 1619 1549
7143 172 189 268 178
7144 172 189 178 91
7145 1615 1595 1663 1681
7146 1595 1663 1681 1574
7147 1595 1663 1574 1522
7148 1574 1595 1522 1459
7149 735 582 617 601
7150 1907 1786 1868 1794
7151 1907 1786 1794 1900
7152 894 845 994 944
7153 1373 1313 1415 1338
7154 1313 1415 1338 1404
7155 1373 1313 1338 1306
7156 1415 1373 1338 1379
7157 702 664 726 916
7158 930 947 1044 1000
7159 1063 1114 979 948
7160 979 1063 948 962
7161 1860 1828 1760 1752
7162 1860 1828 1752 1841
7163 1438 1434 1528 1569
7164 872 883 1000 917
7165 872 883 917 783
7166 1021 1043 993 1106
7167 1504 1521 1447 1424
7168 176 251 168 238
7169 1358 1344 1446 1432
7170 1358 1344 1432 1329
7171 177 236 210 191
7172 1246 1230 1351 1297
7173 1246 1230 1297 1233
7174 409 546 519 435
7175 409 546 435 543
7176 435 409 543 404
7177 524 402 607 388
7178 524 402 388 468
7179 1290 1205 1199 1157
7180 1627 1604 1609 1498
7181 223 206 166 110
7182 1013 1078 1159 1081
7183 1078 1159 1081 1117
7184 1013 1078 1081 931
7185 1078 1159 1117 1200
7186 157 229 209 255
7187 157 229 255 167
7188 209 157 255 223
7189 209 157 223 131
7190 209 157 131 154
7191 157 131 154 123
7192 157 131 123 223
7193 1527 1522 1656 1644
7194 234 291 352 428
7195 1434 1488 1579 1528
7196 1434 1488 1528 1569
7197 1488 1579 1528 1569
7198 1579 1528 1569 1630
7199 1528 1569 1630 1525
7200 1528 1569 1525 1438
7201 1764 1746 1682 1702
7202 1682 1764 1702 1862
7203 1764 1746 1702 1847
7204 803 856 651 826
7205 1338 1360 1222 1251
7206 582 486 617 465
7207 537 680 640 633
7208 112 130 176 235
7209 481 591 700 483
7210 448 616 467 577
7211 1514 1611 1586 1568
7212 1251 1313 1338 1404
7213 1110 1010 992 1101
7214 1110 1010 1101 973
7215 213 244 294 324
7216 294 213 324 216
7217 1302 1304 1342 1416
7218 1092 1088 1221 1133
7219 150 181 138 119
7220 977 912 961 1091
7221 1111 1084 1033 1065
7222 551 640 651 666
7223 1140 1119 1090 1215
7224 663 656 778 728
7225 656 778 728 625
7226 778 728 625 807
7227 728 656 625 663
7228 778 728 807 783
7229 778 728 783 844
7230 778 728 844 706
7231 728 625 807 783
7232 728 625 783 622
7233 783 728 622 631
7234 728 625 622 631
7235 728 783 844 773
7236 622 783 631 681
7237 622 783 681 625
7238 631 622 681 472
7239 778 663 728 706
7240 663 728 706 625
7241 631 622 472 520
7242 622 472 520 625
7243 472 520 625 487
7244 472 520 487 469
7245 520 487 469 562
7246 520 487 562 625
7247 472 520 469 631
7248 562 520 625 631
7249 469 520 562 631
7250 656 778 625 807
7251 778 663 706 730
7252 921 1024 966 881
7253 35 71 61 27
7254 35 71 27 69
7255 713 582 735 609
7256 735 713 609 649
7257 609 735 649 578
7258 649 609 578 434
7259 609 735 578 582
7260 609 578 434 582
7261 713 582 609 549
7262 713 609 649 529
7263 609 649 529 434
7264 529 609 434 582
7265 529 609 582 549
7266 713 609 529 549
7267 140 117 112 70
7268 1679 1628 1591 1560
7269 1570 1479 1489 1483
7270 1479 1489 1483 1396
7271 1483 1479 1396 1438
7272 1479 1489 1396 1545
7273 1396 1479 1545 1462
7274 1396 1479 1462 1420
7275 1489 1570 1483 1513
7276 1483 1489 1513 1412
7277 1513 1483 1412 1525
7278 1570 1483 1513 1525
7279 1489 1483 1396 1412
7280 1570 1479 1483 1438
7281 1479 1545 1462 1420
7282 1396 1479 1420 1488
7283 1396 1479 1488 1434
7284 1479 1396 1438 1434
7285 1570 1483 1525 1438
7286 1483 1412 1525 1438
7287 1489 1570 1513 1626
7288 976 928 841 807
7289 1325 1259 1189 1301
7290 324 391 284 270
7291 324 391 270 368
7292 1221 1233 1322 1266
7293 56 55 93 43
7294 56 55 43 34
7295 1506 1417 1491 1553
7296 1042 997 875 874
7297 251 361 265 330
7298 1102 1224 1125 1243
7299 1837 1691 1784 1673
7300 1691 1784 1673 1768
7301 1784 1673 1768 1780
7302 1702 1746 1742 1847
7303 1563 1530 1454 1523
7304 544 492 401 412
7305 458 403 438 385
7306 1102 1054 1112 994
7307 1102 1054 994 1108
7308 764 596 746 756
7309 1418 1486 1441 1379
7310 1441 1418 1379 1324
7311 1379 1441 1324 1422
7312 1379 1441 1422 1430
7313 1379 1441 1430 1486
7314 1430 1379 1486 1415
7315 1441 1324 1422 1301
7316 1699 1626 1674 1828
7317 1389 1469 1461 1457
7318 1573 1606 1543 1551
7319 1573 1606 1551 1597
7320 1551 1573 1597 1510
7321 1606 1543 1551 1512
7322 1573 1597 1510 1590
7323 1510 1573 1590 1539
7324 1573 1597 1590 1722
7325 1573 1606 1597 1722
7326 1606 1551 1597 1722
7327 954 994 855 958
7328 429 558 443 548
7329 558 443 548 635
7330 548 558 635 758
7331 429 558 548 619
7332 1374 1311 1298 1239
7333 1024 1026 966 1035
7334 138 181 228 164
7335 138 181 164 119
7336 181 164 119 202
7337 1863 1931 1886 1767
7338 735 739 866 713
7339 464 326 401 492
7340 71 78 132 139
7341 1775 1655 1761 1738
7342 1246 1221 1273 1169
7343 771 620 792 813
7344 1149 1140 1031 1090
7345 1149 1140 1090 1215
7346 1149 1140 1215 1202
7347 1511 1521 1581 1476
7348 935 903 892 783
7349 48 53 72 113
7350 1262 1246 1351 1273
7351 998 1044 962 1083
7352 1678 1741 1753 1854
7353 1638 1678 1753 1639
7354 1638 1678 1639 1579
7355 1127 1108 1064 996
7356 1108 1064 996 988
7357 785 639 731 685
7358 785 639 685 749
7359 639 685 749 627
7360 785 639 749 672
7361 961 852 866 795
7362 852 866 795 713
7363 866 795 713 739
7364 866 795 739 859
7365 1691 1850 1784 1768
7366 259 175 171 218
7367 290 309 232 316
7368 333 276 413 345
7369 1595 1518 1459 1594
7370 1239 1224 1243 1125
7371 442 361 531 454
7372 1295 1267 1174 1229
7373 1267 1174 1229 1167
7374 764 746 611 788
7375 764 746 788 907
7376 277 349 418 384
7377 816 789 878 849
7378 1370 1489 1412 1460
7379 130 106 156 173
7380 347 343 287 238
7381 347 343 238 285
7382 1381 1466 1339 1411
7383 558 635 758 624
7384 653 574 700 483
7385 1118 1051 1201 1034
7386 1118 1051 1034 1019
7387 1347 1283 1217 1244
7388 1452 1461 1559 1532
7389 1203 1121 1202 1222
7390 149 94 130 72
7391 206 166 110 98
7392 261 327 254 257
7393 1803 1751 1879 1754
7394 1197 1268 1315 1219
7395 825 905 770 667
7396 825 905 667 780
7397 117 56 122 112
7398 803 856 826 898
7399 803 856 898 876
7400 898 803 876 937
7401 1683 1776 1843 1762
7402 1776 1843 1762 1886
7403 1346 1414 1409 1401
7404 1030 1138 1136 1141
7405 1595 1567 1522 1459
7406 70 121 112 140
7407 230 326 338 374
7408 1633 1578 1700 1687
7409 963 1033 1065 1009
7410 1033 1065 1009 1099
7411 424 355 516 484
7412 424 355 484 455
7413 484 424 455 594
7414 516 424 484 608
7415 355 484 455 421
7416 484 455 421 608
7417 484 455 608 594
7418 355 484 421 474
7419 421 484 608 556
7420 421 484 556 474
7421 1233 1127 1190 1183
7422 1233 1127 1183 1221
7423 664 818 827 921
7424 1424 1391 1334 1387
7425 206 158 245 212
7426 206 158 212 166
7427 158 245 212 230
7428 212 158 230 156
7429 601 620 653 792
7430 1773 1734 1687 1852
7431 1514 1611 1568 1502
7432 1081 1117 1038 1078
7433 878 789 794 673
7434 1076 1093 977 1059
7435 1777 1767 1868 1926
7436 125 179 149 113
7437 965 1053 1078 1094
7438 1333 1422 1355 1324
7439 1355 1333 1324 1236
7440 451 343 472 477
7441 451 343 477 404
7442 477 451 404 614
7443 158 98 116 147
7444 1459 1466 1468 1574
7445 653 700 792 620
7446 334 238 285 342
7447 238 285 342 251
7448 285 342 251 247
7449 251 285 247 238
7450 285 247 238 288
7451 285 247 288 404
7452 238 285 288 347
7453 285 288 347 404
7454 506 642 703 594
7455 657 658 587 480
7456 587 657 480 547
7457 371 293 286 406
7458 1316 1394 1375 1437
7459 689 753 657 873
7460 631 622 520 625
7461 104 61 78 132
7462 1881 1937 1977 1972
7463 1269 1369 1291 1290
7464 1728 1704 1615 1754
7465 1728 1704 1754 1869
7466 1120 1050 1151 1057
7467 1050 1151 1057 1074
7468 1314 1389 1371 1334
7469 1389 1371 1334 1461
7470 994 1064 1108 988
7471 1840 1755 1748 1847
7472 1755 1748 1847 1687
7473 492 525 374 474
7474 1903 1885 1772 1733
7475 863 781 671 668
7476 781 671 668 649
7477 732 840 703 642
7478 819 661 720 762
7479 1328 1267 1295 1340
7480 1508 1538 1628 1556
7481 405 486 406 295
7482 834 710 882 849
7483 1660 1697 1804 1696
7484 1660 1697 1696 1566
7485 1403 1492 1428 1332
7486 70 37 74 26
7487 956 852 961 863
7488 1557 1541 1548 1409
7489 1396 1378 1294 1305
7490 706 798 586 631
7491 1719 1746 1813 1897
7492 1391 1333 1325 1301
7493 364 489 377 359
7494 516 474 659 608
7495 700 591 720 813
7496 1148 1066 1175 1077
7497 1348 1272 1368 1283
7498 326 397 313 235
7499 985 1043 1014 937
7500 576 683 625 477
7501 314 227 344 333
7502 665 698 533 550
7503 1059 956 961 942
7504 1647 1548 1550 1665
7505 1031 972 904 950
7506 866 961 795 912
7507 795 866 912 859
7508 523 423 384 418
7509 523 423 418 510
7510 523 423 510 498
7511 423 510 498 487
7512 423 510 487 418
7513 510 498 487 562
7514 487 510 562 593
7515 510 562 593 498
7516 593 510 498 523
7517 593 510 523 418
7518 487 510 593 418
7519 562 487 593 567
7520 781 702 859 916
7521 1692 1629 1693 1575
7522 822 708 688 624
7523 822 708 624 782
7524 708 688 624 543
7525 1456 1406 1522 1422
7526 1208 1153 1212 1177
7527 1012 1002 1088 992
7528 352 302 225 191
7529 1694 1593 1601 1665
7530 232 209 172 154
7531 166 110 98 104
7532 1863 1926 1767 1777
7533 1767 1863 1777 1789
7534 875 874 950 1042
7535 1828 1860 1913 1841
7536 959 1020 938 986
7537 502 454 399 362
7538 454 399 362 361
7539 502 454 362 475
7540 362 454 361 442
7541 361 362 442 260
7542 361 362 260 265
7543 1908 1885 1781 1772
7544 1885 1781 1772 1733
7545 1699 1693 1752 1841
7546 151 215 132 147
7547 1482 1481 1440 1350
7548 1039 1104 1167 1156
7549 1104 1167 1156 1174
7550 1039 1104 1156 1109
7551 1104 1156 1109 1174
7552 1039 1104 1109 980
7553 1109 1104 1174 1055
7554 1104 1109 980 1055
7555 960 943 1011 935
7556 1224 1141 1125 1239
7557 1224 1141 1239 1226
7558 581 618 596 506
7559 581 618 506 438
7560 1092 1088 1133 992
7561 37 35 54 17
7562 1741 1638 1753 1794
7563 1753 1741 1794 1854
7564 1741 1794 1854 1752
7565 985 967 919 898
7566 985 967 898 1019
7567 1057 1059 1154 999
7568 1391 1424 1447 1521
7569 244 270 368 324
7570 1232 1304 1287 1274
7571 434 422 436 309
7572 422 436 309 452
7573 422 436 452 559
7574 452 422 559 416
7575 309 422 452 416
7576 888 943 960 815
7577 1463 1474 1499 1392
7578 1280 1324 1202 1236
7579 255 222 223 157
7580 255 222 157 167
7581 1057 956 1059 942
7582 1682 1592 1655 1631
7583 1464 1451 1411 1517
7584 1325 1259 1301 1333
7585 1264 1149 1215 1202
7586 719 668 686 852
7587 363 294 242 326
7588 869 881 982 964
7589 982 869 964 859
7590 869 964 859 921
7591 195 139 147 211
7592 147 195 211 218
7593 195 139 211 243
7594 211 195 243 267
7595 211 195 267 292
7596 1154 1249 1151 1120
7597 986 1089 972 1066
7598 1664 1627 1609 1498
7599 1324 1301 1202 1236
7600 213 324 216 240
7601 1597 1510 1590 1645
7602 720 598 619 519
7603 1023 1069 1144 1136
7604 1069 1144 1136 1155
7605 1069 1144 1155 1161
7606 1069 1144 1161 1185
7607 1144 1161 1185 1274
7608 1155 1069 1161 1173
7609 1161 1155 1173 1274
7610 1144 1155 1161 1274
7611 1069 1161 1173 1146
7612 1161 1173 1146 1274
7613 1078 1053 1159 1122
7614 121 173 112 174
7615 904 1031 950 969
7616 1036 1055 980 1109
7617 805 806 860 644
7618 1675 1601 1641 1549
7619 18 35 37 17
7620 1573 1590 1539 1658
7621 1573 1590 1658 1722
7622 1132 1244 1154 1217
7623 746 764 756 874
7624 1468 1411 1490 1466
7625 1411 1490 1466 1339
7626 1490 1468 1466 1574
7627 874 875 746 924
7628 1298 1374 1239 1371
7629 1667 1658 1779 1722
7630 1658 1779 1722 1714
7631 1722 1658 1714 1590
7632 1658 1714 1590 1662
7633 1658 1714 1662 1780
7634 1590 1658 1662 1539
7635 1662 1590 1539 1656
7636 1662 1590 1656 1714
7637 1656 1662 1714 1717
7638 1656 1662 1717 1624
7639 1662 1717 1624 1780
7640 1662 1717 1780 1714
7641 795 781 649 739
7642 649 795 739 713
7643 781 649 739 859
7644 649 739 859 677
7645 649 739 677 735
7646 649 739 735 713
7647 895 978 963 923
7648 336 429 443 375
7649 380 317 421 355
7650 203 286 266 293
7651 1631 1633 1748 1687
7652 164 291 234 289
7653 1038 1117 1056 1035
7654 1038 1117 1035 1078
7655 1117 1035 1078 1103
7656 1035 1078 1103 1116
7657 1117 1035 1103 1145
7658 1350 1436 1361 1482
7659 1447 1391 1521 1511
7660 1239 1224 1226 1276
7661 1226 1239 1276 1334
7662 1276 1226 1334 1310
7663 1334 1276 1310 1371
7664 1276 1226 1310 1192
7665 1334 1276 1371 1239
7666 1732 1900 1821 1729
7667 500 391 324 368
7668 1669 1568 1571 1544
7669 1725 1685 1634 1677
7670 403 333 292 314
7671 897 771 792 813
7672 695 558 619 711
7673 695 558 711 758
7674 579 539 652 687
7675 44 66 72 33
7676 72 44 33 24
7677 44 33 24 18
7678 33 24 18 26
7679 33 72 24 81
7680 33 24 26 43
7681 44 66 33 37
7682 44 33 18 37
7683 66 72 33 76
7684 33 66 76 26
7685 24 33 81 43
7686 1524 1515 1469 1537
7687 1742 1852 1847 1746
7688 765 650 862 740
7689 1896 1915 1794 1854
7690 994 954 988 958
7691 1488 1545 1479 1420
7692 347 418 256 287
7693 1104 1110 1174 1055
7694 1548 1637 1550 1487
7695 1504 1567 1522 1644
7696 1119 1055 1036 1191
7697 1464 1451 1517 1580
7698 1517 1464 1580 1549
7699 1517 1464 1549 1401
7700 1517 1464 1401 1411
7701 313 387 244 369
7702 313 387 369 475
7703 369 313 475 442
7704 387 369 475 453
7705 369 475 453 502
7706 475 453 502 685
7707 369 475 502 362
7708 453 369 502 327
7709 387 369 453 368
7710 369 453 368 327
7711 453 387 368 527
7712 368 453 527 534
7713 453 527 534 627
7714 387 369 368 244
7715 453 368 327 534
7716 244 313 369 260
7717 313 369 260 442
7718 369 475 362 442
7719 368 369 327 244
7720 95 149 180 113
7721 576 656 487 477
7722 1174 1295 1229 1191
7723 1229 1174 1191 1109
7724 1229 1174 1109 1156
7725 1174 1191 1109 1055
7726 938 878 857 959
7727 659 789 850 699
7728 121 123 206 222
7729 121 123 222 174
7730 121 123 174 140
7731 402 352 296 250
7732 687 740 579 539
7733 1423 1438 1412 1347
7734 502 454 475 583
7735 475 502 583 685
7736 1223 1197 1281 1320
7737 1958 1885 1908 1929
7738 445 395 400 488
7739 984 1062 933 1001
7740 497 651 572 674
7741 608 484 594 424
7742 210 220 170 300
7743 174 167 140 123
7744 410 498 469 487
7745 1873 1852 1773 1719
7746 1478 1444 1384 1362
7747 1023 947 1069 989
7748 1023 947 989 902
7749 682 834 647 808
7750 921 916 859 726
7751 1262 1169 1246 1273
7752 1272 1293 1368 1332
7753 862 788 811 650
7754 1078 1117 1103 1200
7755 1117 1103 1200 1145
7756 1103 1200 1145 1116
7757 1103 1200 1116 1171
7758 1103 1200 1171 1078
7759 1116 1103 1171 1078
7760 243 279 301 214
7761 222 223 157 123
7762 157 222 123 174
7763 1120 1132 999 1154
7764 1256 1191 1321 1295
7765 638 613 641 501
7766 1523 1632 1549 1517
7767 1549 1523 1517 1401
7768 1523 1632 1517 1563
7769 764 746 907 874
7770 290 268 393 232
7771 290 268 232 172
7772 971 1006 893 994
7773 1656 1662 1624 1539
7774 1662 1624 1539 1668
7775 1662 1624 1668 1780
7776 14 23 8 19
7777 740 885 926 918
7778 885 926 918 973
7779 389 530 420 522
7780 1838 1714 1779 1780
7781 244 313 260 235
7782 1070 975 1027 990
7783 1122 1094 1078 1053
7784 472 451 477 592
7785 681 622 625 472
7786 1239 1224 1276 1319
7787 1276 1310 1371 1319
7788 1310 1288 1371 1319
7789 1310 1288 1319 1224
7790 1276 1310 1319 1224
7791 1371 1276 1319 1239
7792 1319 1371 1239 1374
7793 1319 1371 1374 1445
7794 1288 1371 1319 1270
7795 1319 1288 1270 1224
7796 1310 1276 1192 1224
7797 1371 1319 1270 1375
7798 1371 1319 1375 1445
7799 1319 1270 1375 1352
7800 1375 1319 1352 1445
7801 1352 1375 1445 1402
7802 1310 1288 1224 1192
7803 1270 1375 1352 1292
7804 1239 1319 1374 1243
7805 512 565 631 716
7806 565 631 716 681
7807 1642 1587 1556 1596
7808 1352 1318 1270 1292
7809 641 613 616 467
7810 1688 1675 1641 1549
7811 1161 1185 1274 1146
7812 1161 1185 1146 1069
7813 1335 1376 1262 1398
7814 1262 1335 1398 1351
7815 1881 1754 1803 1879
7816 1010 951 1017 973
7817 1485 1437 1394 1339
7818 696 722 655 796
7819 1145 1124 1235 1219
7820 1008 1114 1134 948
7821 963 991 1065 1084
7822 1690 1793 1665 1805
7823 471 336 340 404
7824 1026 1024 1145 1035
7825 891 931 935 1038
7826 1179 1058 1139 1152
7827 153 201 125 105
7828 1848 1913 1841 1759
7829 1375 1450 1445 1402
7830 1929 1980 1908 1958
7831 1461 1452 1445 1532
7832 150 140 204 135
7833 1134 1032 1045 1008
7834 1631 1632 1563 1655
7835 1526 1625 1510 1645
7836 1526 1625 1645 1650
7837 780 665 538 550
7838 725 771 881 890
7839 910 1039 980 918
7840 980 910 918 788
7841 590 548 509 414
7842 578 465 434 582
7843 866 961 912 970
7844 907 980 1036 924
7845 907 980 924 788
7846 1036 907 924 969
7847 907 924 969 874
7848 924 907 788 746
7849 231 240 180 141
7850 986 972 840 857
7851 135 87 119 150
7852 256 347 287 238
7853 1644 1739 1625 1650
7854 1492 1428 1497 1496
7855 389 382 522 420
7856 1761 1655 1736 1631
7857 1751 1708 1879 1724
7858 1751 1708 1724 1600
7859 474 516 378 355
7860 474 516 355 484
7861 474 516 484 608
7862 708 793 688 543
7863 1289 1377 1320 1223
7864 1320 1289 1223 1200
7865 1155 1207 1287 1232
7866 1287 1155 1232 1274
7867 1203 1202 1280 1222
7868 33 72 81 76
7869 296 415 375 428
7870 1444 1356 1384 1362
7871 85 87 63 41
7872 85 87 41 64
7873 136 196 125 182
7874 1235 1320 1315 1197
7875 1593 1546 1519 1436
7876 325 429 375 415
7877 325 429 415 519
7878 429 375 415 491
7879 415 429 491 619
7880 429 375 491 443
7881 375 415 491 505
7882 415 491 505 619
7883 491 505 619 509
7884 491 505 509 375
7885 509 491 375 414
7886 509 491 414 548
7887 509 491 548 711
7888 619 491 509 711
7889 1000 957 1048 911
7890 950 874 969 1042
7891 960 1011 1038 935
7892 130 109 125 72
7893 1517 1607 1563 1632
7894 553 595 412 500
7895 553 595 500 627
7896 1072 1088 992 1133
7897 1072 1088 1133 1221
7898 1010 885 951 973
7899 1646 1683 1768 1762
7900 795 781 739 859
7901 572 529 436 571
7902 436 572 571 528
7903 571 436 528 549
7904 528 571 549 686
7905 571 549 686 529
7906 528 571 686 674
7907 571 549 529 436
7908 571 686 674 572
7909 571 686 572 529
7910 528 571 674 572
7911 1011 1081 1038 935
7912 1028 1004 1123 970
7913 546 519 619 429
7914 801 873 698 680
7915 698 801 680 633
7916 1548 1541 1637 1487
7917 1548 1541 1487 1409
7918 70 66 37 26
7919 984 925 1001 933
7920 316 275 433 295
7921 506 385 444 458
7922 948 979 962 908
7923 1397 1430 1338 1379
7924 1397 1430 1379 1355
7925 1430 1379 1355 1456
7926 1430 1379 1456 1422
7927 1430 1338 1379 1415
7928 1379 1355 1456 1422
7929 1658 1779 1714 1780
7930 1292 1193 1233 1297
7931 1691 1698 1850 1768
7932 1560 1508 1628 1556
7933 611 652 788 650
7934 187 243 211 139
7935 187 243 139 214
7936 1229 1174 1156 1167
7937 1332 1231 1283 1213
7938 480 441 312 345
7939 1391 1334 1387 1325
7940 1387 1391 1325 1405
7941 1913 1759 1828 1841
7942 1379 1397 1355 1338
7943 1241 1148 1194 1082
7944 1610 1669 1674 1564
7945 1674 1610 1564 1626
7946 1610 1669 1564 1568
7947 1610 1564 1626 1498
7948 1297 1248 1378 1292
7949 1541 1582 1534 1472
7950 1534 1541 1472 1487
7951 1534 1541 1487 1637
7952 1541 1472 1487 1409
7953 1472 1534 1487 1419
7954 1472 1534 1419 1512
7955 1419 1472 1512 1404
7956 1472 1534 1512 1582
7957 1512 1472 1582 1543
7958 1582 1512 1543 1677
7959 139 116 78 147
7960 484 608 556 474
7961 863 795 852 961
7962 1183 1099 1127 1190
7963 597 454 417 437
7964 454 417 437 399
7965 437 454 399 597
7966 454 417 399 361
7967 1625 1645 1650 1739
7968 1223 1197 1320 1235
7969 1194 1077 1082 1148
7970 956 836 852 863
7971 1789 1738 1775 1761
7972 615 707 805 808
7973 707 805 808 842
7974 808 707 842 838
7975 848 962 908 948
7976 625 656 807 704
7977 1268 1364 1315 1428
7978 1291 1369 1411 1290
7979 716 831 681 783
7980 840 858 703 756
7981 1146 1083 1173 1069
7982 1232 1218 1242 1150
7983 1397 1369 1355 1261
7984 223 322 312 246
7985 690 666 835 803
7986 835 690 803 937
7987 666 835 803 826
7988 835 803 826 898
7989 835 803 898 937
7990 1953 1972 1918 1903
7991 1308 1236 1355 1203
7992 765 895 820 740
7993 1224 1270 1211 1192
7994 1425 1357 1417 1374
7995 1729 1642 1603 1596
7996 686 549 713 529
7997 462 598 519 619
7998 402 388 468 299
7999 895 862 885 740
8000 969 1090 1031 1042
8001 1014 985 937 898
8002 1014 985 898 955
8003 898 1014 955 835
8004 955 898 835 826
8005 192 287 274 238
8006 203 167 194 266
8007 203 167 266 229
8008 1600 1577 1613 1724
8009 1219 1293 1195 1164
8010 667 775 770 902
8011 1563 1607 1655 1632
8012 582 549 433 434
8013 706 827 846 726
8014 1252 1286 1310 1192
8015 985 995 1067 1019
8016 311 212 245 230
8017 770 825 667 902
8018 1050 1057 952 1074
8019 1201 1130 1118 1034
8020 1787 1795 1918 1879
8021 1795 1918 1879 1754
8022 1944 1967 1894 1918
8023 238 235 173 112
8024 1160 1202 1162 1301
8025 814 805 925 808
8026 814 805 808 615
8027 765 650 740 550
8028 1576 1485 1555 1583
8029 952 956 1057 942
8030 1290 1367 1369 1411
8031 1474 1380 1416 1392
8032 361 265 330 417
8033 1083 1105 1173 1063
8034 1105 1173 1063 1207
8035 1063 1105 1207 1114
8036 1063 1105 1114 948
8037 1083 1105 1063 1015
8038 419 483 481 574
8039 1189 1086 1082 1077
8040 1276 1226 1192 1224
8041 1153 1100 1106 1177
8042 1325 1391 1301 1433
8043 1486 1373 1415 1379
8044 59 98 73 54
8045 98 73 54 104
8046 491 548 711 619
8047 491 375 414 548
8048 1404 1360 1338 1251
8049 1037 1125 1052 994
8050 793 614 683 543
8051 1145 1200 1235 1116
8052 74 101 86 167
8053 1353 1457 1334 1461
8054 210 280 191 236
8055 421 317 301 355
8056 211 282 246 292
8057 1380 1390 1416 1302
8058 1380 1390 1302 1349
8059 337 322 345 478
8060 792 700 813 620
8061 1627 1693 1575 1676
8062 1627 1693 1676 1752
8063 1676 1627 1752 1626
8064 1575 1627 1676 1640
8065 1627 1676 1640 1626
8066 1676 1575 1640 1692
8067 1693 1676 1752 1692
8068 1640 1676 1692 1741
8069 1640 1676 1741 1752
8070 1676 1692 1741 1752
8071 1640 1676 1752 1626
8072 1693 1676 1692 1575
8073 1333 1324 1236 1301
8074 1172 1130 1019 1118
8075 1590 1510 1539 1522
8076 1754 1684 1704 1615
8077 1100 1046 1106 1021
8078 1100 1046 1021 987
8079 205 139 243 214
8080 1787 1895 1724 1879
8081 1644 1663 1567 1522
8082 707 648 842 838
8083 177 114 210 170
8084 1573 1543 1500 1551
8085 1500 1573 1551 1510
8086 1500 1573 1510 1539
8087 1195 1123 1219 1087
8088 839 836 956 863
8089 1354 1297 1292 1233
8090 1316 1292 1339 1437
8091 1523 1519 1436 1401
8092 453 387 527 627
8093 1116 1025 1095 1026
8094 1116 1025 1026 1035
8095 618 650 550 438
8096 1566 1484 1408 1502
8097 656 625 487 477
8098 1414 1519 1409 1401
8099 1035 1025 1078 1116
8100 218 246 292 211
8101 1008 849 948 878
8102 1234 1151 1245 1120
8103 856 898 876 919
8104 1873 1822 1719 1773
8105 998 1083 1146 1044
8106 1612 1751 1704 1600
8107 1094 1000 1048 1025
8108 1479 1488 1434 1569
8109 385 424 444 308
8110 444 385 308 314
8111 444 385 314 458
8112 1171 1223 1200 1116
8113 18 27 48 35
8114 18 27 35 17
8115 27 35 17 61
8116 1611 1636 1687 1586
8117 1533 1501 1602 1568
8118 551 666 690 640
8119 651 551 666 674
8120 985 937 898 876
8121 898 985 876 919
8122 242 374 363 326
8123 1053 1122 1107 1159
8124 1541 1557 1582 1472
8125 1541 1557 1472 1409
8126 1557 1582 1472 1543
8127 1256 1222 1191 1157
8128 1863 1898 1777 1789
8129 1863 1898 1789 1775
8130 330 241 200 228
8131 778 807 935 783
8132 15 11 18 8
8133 98 158 206 166
8134 740 633 820 550
8135 740 633 550 539
8136 633 550 539 413
8137 378 396 513 545
8138 802 848 775 682
8139 1104 1016 1055 980
8140 1016 1055 980 973
8141 1016 1055 973 1110
8142 150 202 119 135
8143 150 202 135 204
8144 1359 1291 1339 1411
8145 1359 1291 1411 1290
8146 174 121 140 112
8147 548 558 758 711
8148 548 558 711 619
8149 1281 1364 1407 1315
8150 539 687 521 652
8151 962 998 1083 1015
8152 1377 1407 1320 1285
8153 1320 1377 1285 1223
8154 1285 1320 1223 1281
8155 1223 1285 1281 1176
8156 1223 1285 1176 1240
8157 1223 1285 1240 1377
8158 1285 1320 1281 1407
8159 1285 1281 1176 1240
8160 322 246 345 312
8161 345 322 312 478
8162 1331 1241 1301 1189
8163 1009 923 905 963
8164 503 637 635 641
8165 1803 1684 1652 1708
8166 924 907 746 874
8167 1486 1430 1415 1551
8168 972 904 950 840
8169 972 904 840 774
8170 1636 1568 1610 1533
8171 1610 1636 1533 1602
8172 1533 1610 1602 1609
8173 1533 1610 1609 1498
8174 1533 1610 1498 1564
8175 1533 1610 1564 1568
8176 295 286 300 406
8177 1483 1396 1412 1438
8178 947 1060 1044 1000
8179 1060 1044 1000 1071
8180 1060 1044 1071 1185
8181 1044 1000 1071 990
8182 1071 1044 990 1146
8183 1071 1044 1146 1185
8184 860 785 749 672
8185 1657 1715 1707 1571
8186 1019 939 967 898
8187 1038 1056 974 881
8188 1105 1063 1015 948
8189 446 412 492 563
8190 492 446 563 693
8191 446 412 563 470
8192 458 596 444 506
8193 1862 1898 1789 1874
8194 1690 1665 1694 1805
8195 796 655 731 785
8196 905 879 865 780
8197 1910 1880 1768 1833
8198 881 897 982 974
8199 881 897 974 890
8200 982 881 974 1056
8201 1480 1564 1605 1544
8202 910 811 788 652
8203 811 788 652 650
8204 969 1036 1090 997
8205 182 113 179 125
8206 1069 947 1044 962
8207 1069 947 962 979
8208 95 79 48 69
8209 48 95 69 113
8210 195 243 267 215
8211 267 195 215 183
8212 195 215 183 147
8213 183 195 147 218
8214 267 195 183 218
8215 215 267 183 165
8216 183 215 165 147
8217 165 183 147 218
8218 165 183 218 267
8219 418 576 567 487
8220 418 576 487 477
8221 567 418 487 593
8222 1039 1016 980 918
8223 1016 980 918 973
8224 918 1016 973 926
8225 918 1016 926 1039
8226 1219 1315 1293 1268
8227 1315 1293 1268 1428
8228 666 674 826 651
8229 677 759 792 601
8230 677 759 601 735
8231 1289 1171 1200 1159
8232 1171 1200 1159 1078
8233 1159 1171 1078 1122
8234 1776 1733 1886 1728
8235 1399 1360 1404 1321
8236 1360 1404 1321 1251
8237 332 229 266 277
8238 1640 1570 1575 1627
8239 999 1019 949 1051
8240 451 477 592 614
8241 120 220 170 177
8242 79 133 71 69
8243 536 534 502 399
8244 1768 1880 1780 1833
8245 245 222 206 310
8246 665 689 575 478
8247 1235 1315 1219 1197
8248 1735 1777 1841 1848
8249 674 522 528 497
8250 1002 996 988 1108
8251 340 476 467 471
8252 340 476 471 404
8253 476 471 404 543
8254 888 960 890 725
8255 1134 1105 1032 948
8256 1051 1080 1018 927
8257 333 438 292 337
8258 1570 1513 1626 1621
8259 728 783 773 631
8260 1056 1117 1145 1035
8261 754 800 640 633
8262 882 936 948 1032
8263 440 536 399 534
8264 1848 1735 1759 1841
8265 1777 1868 1841 1926
8266 1544 1446 1432 1449
8267 987 926 934 1021
8268 1293 1368 1332 1428
8269 385 292 314 403
8270 260 327 369 244
8271 1349 1240 1317 1302
8272 1105 1015 1032 948
8273 232 290 316 393
8274 1321 1419 1404 1399
8275 1387 1362 1478 1384
8276 929 1015 884 948
8277 1497 1596 1535 1496
8278 1508 1575 1458 1604
8279 1229 1340 1321 1295
8280 1306 1264 1313 1222
8281 1458 1437 1508 1583
8282 1119 1090 1215 1191
8283 681 561 736 565
8284 681 561 565 631
8285 1441 1510 1422 1456
8286 1347 1348 1434 1420
8287 1598 1612 1708 1652
8288 1457 1353 1394 1461
8289 1363 1344 1446 1343
8290 1363 1344 1343 1250
8291 1343 1363 1250 1326
8292 1343 1363 1326 1440
8293 1343 1363 1440 1446
8294 1860 1877 1930 1841
8295 1125 1141 1228 1239
8296 1141 1228 1239 1214
8297 1228 1239 1214 1314
8298 1239 1214 1314 1226
8299 26 33 43 76
8300 173 230 245 158
8301 173 230 158 156
8302 836 839 674 719
8303 836 839 719 863
8304 674 836 719 686
8305 836 719 686 852
8306 1343 1383 1440 1326
8307 177 120 114 170
8308 1581 1478 1511 1476
8309 1581 1478 1476 1537
8310 444 594 455 424
8311 1395 1409 1487 1340
8312 1380 1336 1349 1302
8313 313 326 235 294
8314 624 784 822 758
8315 1073 1101 1017 973
8316 444 596 594 506
8317 1535 1596 1639 1603
8318 1596 1639 1603 1729
8319 1639 1603 1729 1753
8320 1781 1772 1733 1635
8321 233 198 263 172
8322 1023 944 947 902
8323 1837 1784 1880 1861
8324 1684 1652 1708 1612
8325 1684 1652 1612 1559
8326 952 956 942 839
8327 1478 1384 1405 1387
8328 1405 1478 1387 1511
8329 1321 1340 1419 1399
8330 170 194 210 300
8331 1484 1408 1502 1440
8332 1571 1446 1544 1568
8333 533 633 698 547
8334 698 533 547 689
8335 533 633 547 426
8336 547 533 426 345
8337 547 698 689 680
8338 547 698 680 633
8339 533 547 689 478
8340 533 547 478 345
8341 1437 1485 1382 1339
8342 1643 1582 1543 1667
8343 1643 1582 1667 1677
8344 1582 1543 1667 1677
8345 956 942 839 863
8346 117 56 112 70
8347 1412 1370 1460 1376
8348 1412 1370 1376 1271
8349 1412 1370 1271 1347
8350 1141 1239 1226 1214
8351 1230 1172 1129 1168
8352 1172 1129 1168 1234
8353 1419 1472 1404 1399
8354 1419 1472 1399 1409
8355 1472 1399 1409 1557
8356 1472 1399 1557 1453
8357 1472 1399 1453 1404
8358 180 231 141 113
8359 141 180 113 95
8360 113 141 95 69
8361 648 563 492 412
8362 1078 965 1094 1025
8363 1000 1094 1053 965
8364 1053 1000 965 892
8365 1000 1094 965 1025
8366 1665 1718 1793 1792
8367 635 758 624 782
8368 1582 1634 1534 1677
8369 98 116 147 78
8370 812 676 807 704
8371 812 676 704 888
8372 125 130 72 149
8373 233 163 198 172
8374 1514 1484 1611 1502
8375 1063 948 962 1015
8376 1539 1590 1522 1656
8377 534 425 527 368
8378 425 527 368 500
8379 1044 1069 962 1083
8380 1320 1223 1235 1200
8381 1772 1733 1635 1615
8382 475 387 453 627
8383 746 650 611 788
8384 223 209 309 255
8385 209 309 255 229
8386 1566 1484 1502 1611
8387 1401 1359 1454 1411
8388 1401 1359 1411 1290
8389 859 916 970 912
8390 277 303 384 418
8391 1748 1755 1631 1687
8392 1322 1361 1351 1273
8393 1658 1668 1779 1780
8394 954 855 873 958
8395 109 112 122 56
8396 264 311 374 242
8397 1328 1409 1340 1399
8398 1328 1409 1399 1464
8399 1354 1292 1437 1339
8400 1339 1359 1411 1490
8401 1359 1411 1490 1454
8402 704 815 807 943
8403 1178 1165 1065 1192
8404 399 327 358 534
8405 846 827 921 726
8406 1445 1556 1435 1508
8407 1615 1728 1754 1772
8408 1728 1754 1772 1903
8409 1092 1177 1021 1133
8410 1684 1612 1704 1615
8411 1333 1422 1324 1301
8412 781 912 916 859
8413 158 98 147 166
8414 1357 1352 1243 1374
8415 614 569 404 543
8416 614 569 543 793
8417 1487 1472 1419 1409
8418 753 893 854 873
8419 1187 1277 1241 1148
8420 1241 1187 1148 1082
8421 1187 1148 1082 1134
8422 1187 1148 1134 1277
8423 204 266 272 194
8424 1440 1383 1482 1350
8425 600 623 731 685
8426 100 143 118 197
8427 1490 1520 1563 1517
8428 1537 1598 1652 1612
8429 538 557 580 396
8430 702 649 859 677
8431 365 251 247 330
8432 1025 946 1052 1095
8433 131 154 97 172
8434 845 851 893 971
8435 686 713 852 668
8436 1047 987 1100 1021
8437 311 376 245 322
8438 1103 1035 1116 1026
8439 1116 1103 1026 1145
8440 1103 1035 1026 1145
8441 1761 1755 1682 1631
8442 1119 997 1090 1036
8443 527 500 627 387
8444 1762 1833 1869 1843
8445 1762 1833 1843 1768
8446 1843 1762 1768 1683
8447 856 826 898 939
8448 898 856 939 967
8449 1092 1169 1177 1221
8450 1177 1092 1221 1133
8451 376 311 396 322
8452 1702 1755 1687 1631
8453 1076 1181 1166 1154
8454 946 981 818 893
8455 1564 1449 1533 1568
8456 1032 1015 936 948
8457 1526 1547 1650 1645
8458 64 114 99 52
8459 416 357 322 312
8460 309 290 436 316
8461 1955 1931 1926 1885
8462 1695 1606 1722 1551
8463 719 674 686 572
8464 1568 1636 1611 1586
8465 1033 1017 1009 923
8466 1009 1033 923 963
8467 1534 1512 1582 1677
8468 1543 1606 1695 1512
8469 919 829 876 856
8470 869 881 964 921
8471 204 167 194 135
8472 1852 1874 1847 1746
8473 399 552 437 597
8474 1438 1347 1434 1396
8475 1438 1347 1396 1412
8476 362 454 442 475
8477 719 572 651 674
8478 1466 1394 1339 1485
8479 1466 1394 1485 1518
8480 1339 1466 1485 1490
8481 1466 1485 1490 1594
8482 1490 1466 1594 1574
8483 1466 1485 1594 1518
8484 594 596 756 703
8485 596 756 703 746
8486 756 703 746 874
8487 756 594 703 741
8488 703 756 741 840
8489 756 741 840 774
8490 741 840 774 642
8491 774 741 642 594
8492 741 703 840 642
8493 756 594 741 774
8494 741 703 642 594
8495 1006 1112 1131 1054
8496 1006 1112 1054 994
8497 467 501 641 613
8498 1458 1498 1555 1604
8499 587 689 657 547
8500 487 469 562 498
8501 728 844 706 773
8502 1543 1453 1512 1472
8503 802 675 580 770
8504 1880 1910 1906 1833
8505 1065 1009 905 963
8506 749 860 672 842
8507 966 1035 1056 1024
8508 1056 966 1024 881
8509 347 343 285 404
8510 266 203 293 194
8511 203 293 194 300
8512 1780 1906 1779 1838
8513 1389 1476 1515 1424
8514 62 63 23 67
8515 700 591 813 620
8516 700 591 620 483
8517 827 706 664 726
8518 26 19 8 23
8519 167 157 123 174
8520 531 613 692 717
8521 1480 1432 1544 1605
8522 95 94 72 48
8523 72 95 48 113
8524 368 387 244 324
8525 690 666 803 640
8526 803 690 640 824
8527 1424 1391 1387 1521
8528 1402 1318 1292 1378
8529 1762 1869 1886 1843
8530 318 299 427 468
8531 639 475 685 627
8532 309 255 377 223
8533 1066 1175 1077 1089
8534 1591 1556 1445 1560
8535 549 433 434 393
8536 81 33 76 43
8537 1112 1102 994 1125
8538 1112 1102 1125 1243
8539 648 672 842 749
8540 1553 1587 1596 1556
8541 996 1002 1127 1108
8542 359 423 489 377
8543 382 290 393 436
8544 853 944 851 845
8545 948 1008 1032 1134
8546 203 286 293 300
8547 1918 1879 1895 1787
8548 1286 1252 1178 1192
8549 1277 1187 1207 1134
8550 1118 1206 1076 1181
8551 971 851 944 845
8552 1327 1245 1345 1347
8553 807 815 935 943
8554 1437 1402 1508 1450
8555 130 112 173 235
8556 1258 1337 1340 1328
8557 925 805 842 808
8558 1702 1755 1631 1682
8559 1702 1755 1682 1862
8560 74 41 56 26
8561 41 56 26 34
8562 74 41 26 37
8563 26 41 34 23
8564 26 41 23 8
8565 26 41 8 37
8566 443 471 340 467
8567 1817 1748 1687 1847
8568 1074 1050 955 952
8569 1365 1301 1323 1324
8570 1365 1301 1324 1441
8571 147 104 98 78
8572 147 104 78 132
8573 1638 1678 1579 1545
8574 908 849 848 948
8575 378 474 355 374
8576 95 79 69 133
8577 1570 1575 1627 1489
8578 1420 1368 1283 1348
8579 1134 1114 1105 948
8580 1784 1837 1673 1756
8581 1673 1784 1756 1780
8582 1461 1394 1375 1371
8583 1375 1461 1371 1445
8584 1021 992 1092 1133
8585 1708 1613 1724 1600
8586 565 512 580 716
8587 1113 1197 1235 1219
8588 1502 1446 1571 1568
8589 1571 1502 1568 1611
8590 1047 1100 1110 1133
8591 639 749 672 511
8592 1833 1717 1780 1768
8593 1401 1454 1436 1523
8594 1650 1577 1644 1724
8595 665 478 533 689
8596 429 415 519 619
8597 648 693 838 707
8598 1087 1093 1195 1123
8599 1004 1091 1123 970
8600 972 986 1066 959
8601 1314 1239 1226 1334
8602 958 1054 994 1006
8603 958 1054 1006 1131
8604 932 1001 925 808
8605 377 410 423 489
8606 1643 1580 1667 1543
8607 478 447 482 337
8608 1140 1119 1215 1222
8609 1119 1215 1222 1191
8610 1213 1272 1283 1332
8611 1087 1164 1219 1195
8612 1038 974 960 881
8613 977 1093 1091 1059
8614 1763 1717 1714 1780
8615 474 446 492 647
8616 1095 1006 1131 1018
8617 78 132 139 147
8618 1010 992 1101 1017
8619 839 674 719 651
8620 1695 1606 1551 1512
8621 1636 1533 1602 1568
8622 502 453 327 534
8623 502 453 534 685
8624 1754 1728 1869 1903
8625 61 54 35 17
8626 1288 1286 1190 1192
8627 1332 1268 1293 1428
8628 1332 1231 1213 1293
8629 1093 1076 1166 1059
8630 1640 1638 1692 1575
8631 1702 1687 1586 1631
8632 938 948 1032 882
8633 938 948 882 878
8634 1555 1576 1583 1659
8635 289 253 375 234
8636 308 243 205 215
8637 496 443 635 548
8638 72 81 76 109
8639 528 522 382 497
8640 924 1036 969 997
8641 1708 1751 1612 1600
8642 1761 1862 1789 1682
8643 472 457 561 631
8644 956 942 863 961
8645 1539 1662 1668 1658
8646 1662 1668 1658 1780
8647 594 596 703 506
8648 1518 1561 1485 1594
8649 756 703 874 858
8650 1380 1392 1302 1416
8651 221 181 202 234
8652 181 202 234 164
8653 234 181 164 228
8654 1191 1229 1321 1295
8655 105 153 109 125
8656 503 467 641 635
8657 979 1063 962 1069
8658 1063 962 1069 1083
8659 854 657 753 873
8660 33 66 26 37
8661 691 687 867 811
8662 867 691 811 652
8663 691 811 652 687
8664 710 718 789 849
8665 176 260 235 244
8666 15 26 8 18
8667 1326 1273 1343 1383
8668 1951 1896 1868 1841
8669 700 574 607 481
8670 917 1053 892 1000
8671 1119 1157 1055 1191
8672 938 1020 878 986
8673 1296 1361 1266 1221
8674 999 942 952 1057
8675 999 942 1057 1059
8676 1645 1625 1714 1739
8677 1490 1494 1382 1454
8678 1618 1615 1559 1684
8679 547 689 478 587
8680 1186 1122 1265 1171
8681 1265 1186 1171 1159
8682 1186 1171 1159 1122
8683 1042 950 1031 969
8684 324 412 470 500
8685 927 977 999 1076
8686 426 539 413 633
8687 814 736 681 615
8688 1225 1168 1074 1234
8689 1733 1728 1615 1772
8690 1733 1728 1772 1903
8691 412 553 500 511
8692 412 553 511 648
8693 553 511 648 749
8694 553 500 511 627
8695 511 553 627 749
8696 882 948 849 878
8697 1525 1621 1513 1570
8698 277 266 167 229
8699 256 174 190 238
8700 834 718 710 849
8701 1867 1898 1775 1789
8702 890 960 974 881
8703 1178 1199 1308 1286
8704 301 317 214 279
8705 1469 1389 1515 1457
8706 614 683 543 477
8707 465 371 486 532
8708 1163 1193 1201 1297
8709 684 577 782 641
8710 1113 1087 1219 1123
8711 925 842 932 808
8712 648 693 707 647
8713 648 693 647 492
8714 693 647 492 446
8715 1151 1249 1245 1120
8716 774 659 857 850
8717 382 393 528 436
8718 104 147 151 132
8719 855 845 873 958
8720 1628 1591 1560 1556
8721 361 265 417 399
8722 1443 1453 1404 1512
8723 32 37 17 8
8724 1221 1322 1273 1361
8725 1209 1302 1317 1240
8726 116 156 158 212
8727 158 116 212 147
8728 212 158 147 166
8729 893 958 845 994
8730 948 834 849 848
8731 178 232 172 154
8732 1215 1222 1264 1202
8733 380 421 556 474
8734 1026 1113 981 1095
8735 1343 1262 1383 1273
8736 949 927 999 1051
8737 342 442 397 313
8738 1261 1222 1157 1203
8739 914 1021 934 926
8740 1670 1583 1576 1659
8741 447 478 322 337
8742 296 234 352 428
8743 1745 1693 1841 1794
8744 559 452 416 480
8745 452 416 480 312
8746 416 480 312 322
8747 836 719 852 863
8748 141 180 95 155
8749 95 141 155 133
8750 141 180 155 240
8751 180 155 240 216
8752 180 95 155 137
8753 95 155 137 133
8754 155 137 133 214
8755 155 137 214 216
8756 155 137 216 180
8757 133 155 214 141
8758 155 141 240 214
8759 240 155 214 216
8760 686 713 668 529
8761 1511 1521 1476 1387
8762 1521 1476 1387 1424
8763 1266 1183 1221 1233
8764 1266 1183 1233 1339
8765 157 222 174 167
8766 668 719 863 852
8767 1297 1230 1163 1233
8768 1290 1367 1411 1401
8769 429 491 619 548
8770 429 491 548 443
8771 292 385 438 403
8772 1110 1047 1133 992
8773 840 904 756 774
8774 777 641 616 684
8775 309 255 229 332
8776 255 229 332 277
8777 1101 1073 1110 973
8778 648 672 749 511
8779 1340 1419 1399 1409
8780 994 1037 894 944
8781 802 947 853 902
8782 853 802 902 770
8783 385 506 438 458
8784 350 253 372 340
8785 350 253 340 443
8786 372 350 340 443
8787 350 253 443 375
8788 1663 1704 1567 1615
8789 12 8 40 32
8790 625 472 487 477
8791 690 589 488 640
8792 589 488 640 633
8793 690 589 640 824
8794 640 589 633 800
8795 1394 1353 1310 1371
8796 200 251 330 247
8797 200 251 247 190
8798 839 826 674 651
8799 517 672 511 639
8800 1481 1484 1440 1350
8801 1028 964 970 1123
8802 253 336 443 375
8803 1476 1511 1387 1478
8804 1387 1476 1478 1389
8805 1387 1476 1389 1424
8806 397 313 235 342
8807 1655 1761 1738 1682
8808 1513 1626 1621 1564
8809 1513 1626 1564 1498
8810 1350 1273 1383 1361
8811 1221 1322 1361 1266
8812 793 708 569 543
8813 113 182 136 125
8814 427 402 468 299
8815 509 626 619 711
8816 123 206 222 223
8817 206 222 223 310
8818 1453 1512 1472 1404
8819 625 683 592 477
8820 771 643 813 890
8821 1367 1464 1411 1401
8822 1367 1464 1401 1328
8823 509 428 360 375
8824 123 110 206 223
8825 1154 1059 1166 1076
8826 1245 1327 1329 1376
8827 618 538 438 550
8828 1100 1047 1021 1133
8829 1415 1338 1404 1443
8830 1415 1338 1443 1430
8831 1404 1415 1443 1551
8832 1415 1443 1551 1430
8833 361 362 265 399
8834 27 48 35 69
8835 1301 1365 1433 1447
8836 1684 1612 1615 1559
8837 1466 1594 1574 1459
8838 446 563 693 566
8839 446 563 566 470
8840 1564 1674 1626 1605
8841 556 380 474 566
8842 838 932 842 808
8843 1220 1273 1152 1343
8844 393 528 436 549
8845 631 716 681 783
8846 139 116 147 211
8847 116 147 211 212
8848 147 211 212 246
8849 1233 1322 1266 1339
8850 1655 1761 1682 1631
8851 698 689 680 873
8852 481 388 574 607
8853 1404 1443 1512 1551
8854 1063 1069 1173 1083
8855 1244 1181 1283 1217
8856 1214 1141 1136 1226
8857 1399 1295 1321 1340
8858 444 455 308 424
8859 1925 1843 1869 1833
8860 259 333 227 218
8861 342 238 251 235
8862 1437 1458 1555 1583
8863 211 195 292 218
8864 976 935 943 807
8865 426 488 539 633
8866 775 718 580 682
8867 775 718 682 848
8868 1042 997 874 969
8869 1382 1437 1339 1354
8870 917 990 1053 1000
8871 545 636 474 525
8872 545 636 525 682
8873 525 545 682 580
8874 525 545 580 431
8875 525 545 431 378
8876 1325 1255 1405 1331
8877 916 921 818 664
8878 211 212 187 116
8879 1780 1906 1838 1763
8880 958 893 1018 1006
8881 958 893 1006 994
8882 943 812 807 704
8883 1915 1794 1854 1753
8884 977 942 1059 961
8885 1059 977 961 1091
8886 1319 1352 1445 1374
8887 1319 1352 1374 1243
8888 680 657 854 873
8889 1387 1391 1405 1511
8890 650 746 862 788
8891 676 807 704 625
8892 227 165 218 267
8893 1430 1456 1441 1422
8894 1262 1383 1273 1351
8895 613 597 417 485
8896 417 613 485 467
8897 1064 996 1099 1127
8898 1086 991 1082 1077
8899 1101 1010 1017 973
8900 141 95 69 133
8901 802 775 770 580
8902 802 775 580 682
8903 1767 1868 1926 1885
8904 1543 1453 1472 1557
8905 1685 1634 1677 1534
8906 474 545 525 378
8907 1118 1051 1019 999
8908 170 135 114 210
8909 1211 1108 1102 1192
8910 1331 1301 1433 1325
8911 1331 1301 1325 1189
8912 1190 1292 1233 1339
8913 1630 1621 1570 1626
8914 428 360 375 234
8915 878 857 959 986
8916 1886 1885 1733 1767
8917 1564 1513 1605 1621
8918 1234 1245 1329 1278
8919 1464 1549 1401 1409
8920 1784 1880 1861 1756
8921 1861 1784 1756 1837
8922 1434 1347 1420 1396
8923 1347 1420 1396 1305
8924 213 161 156 294
8925 644 526 743 737
8926 1090 1119 1036 1191
8927 967 919 898 856
8928 424 355 455 308
8929 195 267 292 218
8930 538 513 396 580
8931 312 223 309 377
8932 820 765 740 550
8933 301 421 355 455
8934 1217 1245 1347 1345
8935 947 944 853 902
8936 944 853 902 894
8937 1762 1776 1886 1728
8938 1281 1311 1176 1240
8939 1224 1102 1211 1243
8940 1717 1780 1768 1624
8941 307 216 324 240
8942 307 216 240 214
8943 1199 1290 1157 1261
8944 201 254 196 188
8945 196 201 188 125
8946 201 188 125 105
8947 1329 1234 1278 1225
8948 1278 1329 1225 1344
8949 301 308 455 355
8950 881 891 960 1038
8951 891 960 1038 935
8952 1239 1314 1371 1334
8953 589 640 824 800
8954 755 644 785 860
8955 1036 1055 1109 1191
8956 813 890 897 771
8957 440 399 358 534
8958 938 878 959 986
8959 1640 1570 1627 1626
8960 1570 1627 1626 1489
8961 1642 1729 1666 1596
8962 1771 1760 1828 1674
8963 1771 1760 1674 1605
8964 79 48 69 35
8965 1271 1245 1376 1412
8966 924 969 874 997
8967 981 946 1095 1006
8968 981 946 1006 893
8969 1095 981 1006 1018
8970 981 1006 1018 893
8971 398 472 561 592
8972 924 862 746 788
8973 1268 1164 1293 1219
8974 620 483 653 700
8975 553 724 627 749
8976 698 820 633 550
8977 313 260 235 342
8978 1790 1722 1779 1714
8979 1790 1722 1714 1645
8980 1220 1326 1343 1250
8981 528 382 436 497
8982 850 789 959 938
8983 989 979 947 1069
8984 1368 1332 1283 1272
8985 1456 1522 1510 1422
8986 1590 1597 1645 1714
8987 774 608 594 642
8988 608 594 642 424
8989 1367 1290 1328 1401
8990 1408 1326 1363 1440
8991 1424 1567 1459 1522
8992 1537 1652 1559 1612
8993 1051 958 927 1018
8994 406 468 299 318
8995 1760 1828 1674 1626
8996 1508 1560 1437 1450
8997 1508 1560 1450 1445
8998 1264 1306 1210 1202
8999 1264 1306 1202 1222
9000 251 168 238 190
9001 168 238 190 112
9002 1484 1408 1440 1350
9003 1326 1408 1350 1440
9004 1741 1640 1752 1854
9005 179 182 125 196
9006 72 125 149 113
9007 1391 1325 1405 1433
9008 977 999 1076 1059
9009 1080 1051 999 927
9010 1752 1814 1854 1640
9011 1667 1695 1677 1543
9012 74 70 26 56
9013 1794 1896 1854 1752
9014 166 246 147 212
9015 1517 1523 1563 1454
9016 1517 1523 1454 1401
9017 1611 1654 1657 1571
9018 626 619 711 762
9019 1215 1140 1222 1202
9020 409 471 543 404
9021 1174 1295 1191 1256
9022 1191 1174 1256 1157
9023 1174 1295 1256 1157
9024 672 644 860 785
9025 902 894 1030 1037
9026 677 726 859 702
9027 1233 1322 1339 1354
9028 474 636 659 699
9029 964 1075 970 1123
9030 1868 1767 1781 1885
9031 1343 1262 1273 1152
9032 56 26 66 70
9033 136 81 125 188
9034 396 378 431 545
9035 1433 1447 1511 1391
9036 1433 1447 1391 1301
9037 1654 1611 1566 1502
9038 1176 1125 1228 1243
9039 648 544 511 412
9040 1334 1457 1389 1461
9041 1347 1345 1244 1217
9042 997 1042 1090 969
9043 1004 912 1091 970
9044 387 368 527 500
9045 857 959 986 972
9046 1669 1568 1544 1564
9047 884 933 1001 925
9048 1498 1489 1513 1626
9049 380 446 566 470
9050 244 161 294 235
9051 1157 1119 1222 1191
9052 301 317 279 355
9053 681 561 631 472
9054 1655 1576 1659 1670
9055 300 293 406 286
9056 497 420 522 382
9057 989 1023 902 1037
9058 989 1023 1037 1136
9059 1099 1127 1190 1064
9060 1106 1100 1021 1177
9061 1100 1021 1177 1133
9062 1391 1521 1511 1387
9063 1243 1311 1374 1239
9064 1245 1271 1347 1412
9065 545 580 431 396
9066 1190 1064 1192 1099
9067 664 827 726 921
9068 627 511 749 639
9069 545 513 580 396
9070 1684 1730 1618 1615
9071 1763 1833 1780 1906
9072 167 154 86 123
9073 1794 1692 1693 1752
9074 150 190 258 204
9075 1464 1399 1557 1409
9076 251 176 235 238
9077 176 235 238 112
9078 330 200 247 228
9079 267 292 218 227
9080 271 339 417 399
9081 203 170 197 295
9082 1115 1084 1086 991
9083 1167 1110 1238 1174
9084 1110 1238 1174 1157
9085 1485 1382 1339 1490
9086 1192 1064 1065 1099
9087 902 944 894 1037
9088 1083 1146 1044 1069
9089 1146 1044 1069 1185
9090 1437 1402 1450 1375
9091 700 574 481 483
9092 1292 1354 1233 1339
9093 1234 1151 1120 1129
9094 1311 1240 1228 1176
9095 452 416 312 309
9096 316 434 393 436
9097 95 149 113 72
9098 592 681 625 472
9099 1693 1752 1841 1794
9100 1169 1262 1152 1273
9101 1331 1433 1405 1325
9102 559 658 570 480
9103 1657 1715 1571 1654
9104 581 458 438 506
9105 994 1037 944 1052
9106 1220 1152 1250 1343
9107 1630 1621 1626 1760
9108 834 718 849 848
9109 1433 1511 1405 1391
9110 1751 1704 1600 1724
9111 1352 1375 1402 1292
9112 253 228 372 330
9113 1297 1354 1351 1233
9114 1069 1023 989 1136
9115 919 967 889 856
9116 1409 1487 1340 1419
9117 1113 1145 1235 1116
9118 1685 1634 1534 1637
9119 425 368 323 391
9120 803 666 826 651
9121 91 97 178 172
9122 601 578 735 582
9123 41 40 8 37
9124 446 474 566 693
9125 970 859 912 866
9126 608 659 556 474
9127 311 212 230 242
9128 212 230 242 156
9129 230 242 156 294
9130 230 242 294 326
9131 230 242 326 374
9132 230 242 374 311
9133 112 176 168 238
9134 1605 1564 1621 1626
9135 1025 1048 911 1000
9136 442 475 397 313
9137 1315 1320 1407 1281
9138 211 147 218 246
9139 1228 1125 1239 1243
9140 1564 1674 1605 1669
9141 1240 1336 1228 1302
9142 853 944 845 894
9143 1915 1794 1753 1900
9144 1438 1479 1434 1569
9145 511 387 475 627
9146 511 387 627 500
9147 1155 1173 1274 1287
9148 1767 1733 1781 1885
9149 265 271 417 399
9150 667 538 580 513
9151 898 835 937 1014
9152 683 614 592 477
9153 577 708 782 624
9154 577 708 624 543
9155 782 577 624 635
9156 577 624 635 471
9157 577 624 471 543
9158 72 84 113 53
9159 377 357 312 223
9160 1311 1243 1176 1228
9161 1311 1243 1228 1239
9162 1383 1273 1351 1361
9163 1223 1235 1200 1116
9164 659 699 556 474
9165 480 478 345 312
9166 640 803 651 666
9167 74 123 140 167
9168 1092 1067 1163 1034
9169 812 943 888 704
9170 773 728 631 706
9171 366 303 479 523
9172 661 519 720 619
9173 1563 1490 1517 1454
9174 1544 1446 1449 1568
9175 1621 1605 1626 1760
9176 1780 1779 1756 1668
9177 235 230 156 294
9178 480 478 312 322
9179 969 907 874 764
9180 1454 1517 1401 1411
9181 943 960 815 935
9182 467 503 443 635
9183 1663 1574 1522 1656
9184 1292 1402 1437 1375
9185 255 229 277 167
9186 960 888 815 725
9187 1733 1886 1728 1903
9188 1140 1031 1090 1042
9189 491 375 548 443
9190 1037 1141 1030 1136
9191 1449 1564 1544 1568
9192 562 706 469 631
9193 562 706 631 625
9194 327 399 502 534
9195 240 284 213 324
9196 657 680 689 873
9197 1508 1560 1445 1556
9198 1579 1569 1678 1630
9199 190 247 238 251
9200 815 704 888 943
9201 926 1047 992 1021
9202 1353 1334 1371 1461
9203 234 296 221 375
9204 234 296 375 428
9205 1673 1624 1768 1780
9206 1868 1745 1841 1794
9207 471 443 635 467
9208 104 151 61 132
9209 1644 1704 1787 1724
9210 483 465 617 532
9211 105 81 188 125
9212 105 81 125 109
9213 1896 1868 1841 1794
9214 1841 1896 1794 1752
9215 702 859 916 726
9216 1519 1549 1409 1401
9217 1063 962 1083 1015
9218 97 154 178 172
9219 802 716 682 580
9220 640 876 803 824
9221 876 803 824 937
9222 661 720 762 619
9223 720 762 619 626
9224 1320 1315 1197 1281
9225 343 334 285 404
9226 1190 1233 1183 1339
9227 1730 1618 1615 1772
9228 70 74 140 117
9229 1262 1343 1250 1152
9230 1021 992 1133 1047
9231 1018 958 1006 1131
9232 1292 1316 1375 1437
9233 1751 1704 1724 1787
9234 1724 1751 1787 1879
9235 1030 1049 894 905
9236 1814 1752 1760 1630
9237 1630 1640 1678 1814
9238 1190 1286 1339 1183
9239 1564 1605 1544 1669
9240 475 639 517 511
9241 577 467 471 635
9242 764 756 874 969
9243 1441 1447 1365 1301
9244 884 962 948 1015
9245 1583 1604 1508 1458
9246 290 316 393 436
9247 424 506 444 594
9248 173 130 235 156
9249 1412 1376 1327 1245
9250 625 592 472 477
9251 845 855 994 958
9252 1326 1350 1383 1440
9253 1739 1644 1724 1650
9254 1353 1394 1461 1371
9255 1327 1412 1245 1347
9256 368 387 324 500
9257 74 70 56 117
9258 1674 1760 1626 1605
9259 374 525 378 474
9260 1702 1764 1847 1862
9261 203 295 300 170
9262 220 170 300 295
9263 808 884 1001 925
9264 1255 1189 1241 1331
9265 1383 1350 1361 1482
9266 1363 1446 1502 1440
9267 1580 1557 1453 1543
9268 616 577 641 467
9269 577 641 467 635
9270 1454 1359 1382 1490
9271 8 26 37 18
9272 314 292 227 333
9273 1241 1255 1331 1277
9274 1458 1498 1604 1575
9275 916 921 664 726
9276 313 260 342 442
9277 1234 1151 1129 1074
9278 959 857 774 972
9279 1078 1081 931 1038
9280 253 221 375 234
9281 172 131 91 97
9282 1571 1669 1544 1707
9283 1669 1544 1707 1605
9284 935 931 1081 1038
9285 577 782 641 635
9286 1255 1277 1405 1331
9287 37 17 8 18
9288 1828 1760 1752 1626
9289 728 625 631 706
9290 1724 1739 1650 1826
9291 1739 1650 1826 1645
9292 958 1051 1131 1018
9293 1169 1152 1177 1273
9294 418 523 303 384
9295 758 624 782 822
9296 1183 1099 1190 1286
9297 1490 1411 1517 1454
9298 18 33 26 37
9299 1174 1191 1055 1157
9300 1931 1926 1885 1767
9301 436 434 309 316
9302 1120 999 1057 1154
9303 1568 1440 1502 1446
9304 1086 991 1077 1115
9305 436 393 549 434
9306 693 647 446 474
9307 173 238 112 174
9308 699 693 566 474
9309 1402 1508 1450 1445
9310 1408 1502 1440 1363
9311 881 725 890 960
9312 1217 1120 1249 1154
9313 1654 1611 1502 1571
9314 1178 1099 1286 1192
9315 944 971 845 994
9316 1597 1645 1714 1722
9317 699 636 693 474
9318 1174 1110 1157 1055
9319 1575 1627 1489 1498
9320 1626 1627 1498 1489
9321 497 572 528 674
9322 803 690 824 937
9323 234 164 289 228
9324 627 511 639 475
9325 1590 1597 1714 1722
9326 1099 1178 1065 1192
9327 174 190 238 112
9328 1752 1814 1640 1630
9329 607 720 619 626
9330 475 453 685 627
9331 893 845 971 994
9332 912 961 1091 970
9333 1154 1059 1076 999
9334 156 161 235 294
9335 1099 1190 1286 1192
9336 1640 1630 1626 1752
9337 425 368 391 500
9338 453 685 627 534
9339 170 197 295 220
9340 1512 1543 1677 1695
9341 1678 1640 1854 1814
9342 1760 1752 1626 1630
End Elements
